-- phpMyAdmin SQL Dump
-- version 4.5.4.1deb2ubuntu2
-- http://www.phpmyadmin.net
--
-- Host: localhost
-- Generation Time: 09 Nov 2017 pada 11.07
-- Versi Server: 10.0.31-MariaDB-0ubuntu0.16.04.2
-- PHP Version: 7.0.22-0ubuntu0.16.04.1

SET SQL_MODE = "NO_AUTO_VALUE_ON_ZERO";
SET time_zone = "+00:00";


/*!40101 SET @OLD_CHARACTER_SET_CLIENT=@@CHARACTER_SET_CLIENT */;
/*!40101 SET @OLD_CHARACTER_SET_RESULTS=@@CHARACTER_SET_RESULTS */;
/*!40101 SET @OLD_COLLATION_CONNECTION=@@COLLATION_CONNECTION */;
/*!40101 SET NAMES utf8mb4 */;

--
-- Database: `db_mahasiswa`
--

-- --------------------------------------------------------

--
-- Struktur dari tabel `tb_acara`
--

CREATE TABLE `tb_acara` (
  `id` int(11) NOT NULL,
  `namaacara` varchar(100) NOT NULL,
  `tempat` varchar(50) NOT NULL,
  `waktumulai` datetime NOT NULL,
  `waktuselesai` datetime NOT NULL
) ENGINE=InnoDB DEFAULT CHARSET=utf8mb4;

--
-- Dumping data untuk tabel `tb_acara`
--

INSERT INTO `tb_acara` (`id`, `namaacara`, `tempat`, `waktumulai`, `waktuselesai`) VALUES
(1, 'Mahasiswa Mengaji Bandung Raya 2017', 'Masjid & GSG Al-Haq', '2017-10-29 08:30:00', '2017-10-29 15:00:00');

-- --------------------------------------------------------

--
-- Struktur dari tabel `tb_daerah`
--

CREATE TABLE `tb_daerah` (
  `id` int(11) NOT NULL,
  `namadaerah` varchar(30) NOT NULL
) ENGINE=InnoDB DEFAULT CHARSET=utf8mb4;

--
-- Dumping data untuk tabel `tb_daerah`
--

INSERT INTO `tb_daerah` (`id`, `namadaerah`) VALUES
(1, 'Bandung Utara'),
(2, 'Bandung Barat'),
(3, 'Bandung Timur'),
(4, 'Bandung Selatan 1'),
(5, 'Bandung Selatan 2');

-- --------------------------------------------------------

--
-- Struktur dari tabel `tb_desa`
--

CREATE TABLE `tb_desa` (
  `id` int(11) NOT NULL,
  `namadesa` varchar(30) NOT NULL,
  `iddaerah` int(11) NOT NULL
) ENGINE=InnoDB DEFAULT CHARSET=utf8mb4;

--
-- Dumping data untuk tabel `tb_desa`
--

INSERT INTO `tb_desa` (`id`, `namadesa`, `iddaerah`) VALUES
(1, 'Bojonegara', 1),
(2, 'Cibeunying', 1),
(3, 'Cikutra', 1),
(4, 'Cipaganti', 1),
(5, 'Dago', 1),
(6, 'Lembang', 1),
(7, 'Parongpong', 1),
(8, 'Sarijadi', 1),
(9, 'Setiabudi', 1),
(10, 'Riung Bandung', 4),
(11, 'Buah Batu', 4),
(12, 'Margahayu', 4),
(13, 'Regol', 4),
(14, 'Tegalega', 4),
(15, 'Baleendah', 5),
(16, 'Banjaran', 5),
(17, 'Ciparay', 5),
(18, 'Majalaya', 5),
(19, 'Sayati', 5),
(20, 'Soreang', 5),
(21, 'Arcamanik', 3),
(22, 'Baksar', 3),
(23, 'Cicadas', 3),
(24, 'Cicalengka', 3),
(25, 'Cinunuk Barat', 3),
(26, 'Cinunuk Timur', 3),
(27, 'Karees Selatan', 3),
(28, 'Karees Utara', 3),
(29, 'Rancaekek', 3),
(30, 'Sindangsari', 3),
(31, 'Ujung Berung', 3),
(32, 'Andir', 2),
(33, 'Haji Alfi', 2),
(34, 'Melong Asih', 2),
(35, 'Bumiasri', 2),
(36, 'Baros', 2),
(37, 'Sadarmanah', 2),
(38, 'Cibabat', 2),
(39, 'Mahkota', 2),
(40, 'Tanimulya', 2),
(41, 'Kertamulya', 2),
(42, 'Batujajar', 2);

-- --------------------------------------------------------

--
-- Struktur dari tabel `tb_infopeserta`
--

CREATE TABLE `tb_infopeserta` (
  `id` int(11) NOT NULL,
  `kampus` varchar(80) DEFAULT NULL,
  `fakultas` varchar(80) DEFAULT NULL,
  `jurusan` varchar(60) DEFAULT NULL,
  `angkatan` year(4) DEFAULT NULL,
  `email` varchar(40) DEFAULT NULL,
  `telepon` varchar(30) DEFAULT NULL,
  `teleponcadangan` varchar(13) DEFAULT NULL
) ENGINE=InnoDB DEFAULT CHARSET=utf8mb4;

--
-- Dumping data untuk tabel `tb_infopeserta`
--

INSERT INTO `tb_infopeserta` (`id`, `kampus`, `fakultas`, `jurusan`, `angkatan`, `email`, `telepon`, `teleponcadangan`) VALUES
(1, 'UNIVERSITAS PAJAJARAN', 'perikanan dan ilmu kelautan', 'perikanan', 2016, 'alifia.nurhanifa87@gmail.com', '8122167783', ''),
(2, 'POLBAN', '', '', 0000, 'kukuhbudiarsi@yahoo.com', '85860801031', ''),
(3, 'UNIVERSITAS PAJAJARAN', 'Keperawatan', 'Ilmu Keperawatan', 2015, 'nisaamakmuudah@gmail.com', '82126119118', ''),
(4, 'UNISBA', '', 'Psikologi', 2013, 'ariendakr@gmail.com', '81322334995', ''),
(5, 'STIKEP PPNI JABAR', 'Keperawatan', 'Keperawatan', 2017, 'ditaazhrfh@gmail.com', '81236030353', ''),
(6, 'STIKEP PPNI', '', 'Keperawatan', 2017, 'titislisalsabila@gmail.com', '8999452486', ''),
(7, 'STIEPAR YAPARI - AKTRIPA', '', '', 0000, 'diaskhairinisarahmadhani33@gmail.com', '85316238463', '81224139701'),
(8, 'UNISBA (LULUS)', 'FIKOM', 'Ilmu Komunikasi', 0000, 'muhammad_ramdhanf@yahoo.com', '82115095200', ''),
(9, 'POLITEKNIK KESEHATAN BANDUNG', '', 'Gizi', 2016, 'sarahrnurhanifa@gmail.com', '82318411120', ''),
(10, 'UNJANI', '', 'Psikologi', 0000, 'carolinewestwick@rocketmail.com', '81221202982', '87817182940'),
(11, 'UNIVERSITAS PAJAJARAN', '', 'Sastra Jepang', 0000, 'adiabdulhalim@gmail.com', '85722184217', ''),
(12, 'UNIVERSITAS NASIONAL PASIM', 'sastra', 'sastra', 2016, 'auliyainsania@gmail.com', '89650884676', ''),
(13, 'UNIKOM', 'Pascasarjana', 'Magister Desain', 2015, 'hadah91.everythink@gmail.com', '8562344383', ''),
(14, 'BSI', 'Teknik Informatika', 'Teknik Informatika', 2015, 'faisaldarojatun@gmail.com', '89520307054', ''),
(15, 'UNINUS', '', 'Plb (Pendidikan Luar Biasa)', 2015, 'vraesita@gmail.com', '82217028209', ''),
(16, 'STIKES JENDERAL ACHMAD YANI CIMAHI', '', 'Keperawatan', 2015, NULL, '81224114594', ''),
(17, 'ITENAS', '', 'Teknik Elektro', 2014, NULL, '89673403779', ''),
(18, 'UNIVERSITAS JENDRAL ACHMAD YANI', '', 'Elektro', 0000, 'firman.alansyori@yahoo.com', '89679647453', ''),
(19, 'UPI', '', '', 0000, 'tribudi16@gmail.com', '8122128270', ''),
(20, 'UNIVERSITAS PAJAJARAN', '', 'Kajian Budaya (Prog.Magister)', 2014, 'ichbinezzah@gmail.com', '81222583354', '0895366661919'),
(21, 'POLMAN', 'teknik', 'teknik perancangan manufaktur', 2017, 'fadlanadptr@gmail.com', '87888319194', ''),
(22, 'SEKOLAH TINGGI TEKNOLOGI BANDUNG', 'Teknik', 'Teknik Informatika', 2017, 'firdausssp2@gmail.com', '85974911141', ''),
(23, 'LP3I', '', 'Manajemen informatika', 2017, 'firmanramdani6@gmail.com', '81298825359', ''),
(24, 'UNIV. WIDYATAMA', 'BISNIS & MANAJEMEN', 'Manajemen', 2013, 'groznymlb@outlook.com', '82213133424', ''),
(25, 'UNIVERSITAS PAJAJARAN', 'Ekonomi dan Bisnis', 'Manajemen', 2012, 'hezman.qs@gmail.com', '81220220354', ''),
(26, 'INSTITUT TEKNOLOGI BANDUNG', 'Teknik Sipil dan Lingkungan', 'Teknik Lingkungan', 2014, 'inat.natto@gmail.com', '8996874543', ''),
(27, 'UNIVERSITAS ISLAM BANDUNG', 'Kedokteran', '', 2014, NULL, '', ''),
(28, 'STIKES AISYIYAH', 'Ilmu Keperawatan', 'Keperawatan', 2016, 'Lanyfauziah9@gmail.com', '89684213667', ''),
(29, 'SEKOLAH TINGGI ANALIS BAKTI ASIH', 'MIPA', 'Analis Kimia', 2014, 'luckykasturiprasenda@yahoo.co.id', '82219275871', ''),
(30, 'TELKOM PCC', '', 'Application Development Proffessional', 2015, 'khidiremail@gmail.com', '85793007689', ''),
(31, 'UNIKOM', 'Fakultas Teknik dan Ilmu Komputer', 'Sistem Informasi', 2015, 'meccanurhadi97@yahoo.com', '82186825197', ''),
(32, 'ITENAS', 'Teknik Sipil dan Perencanaan', 'Arsitektur', 2015, 'medina.nur.rizki@gmail.com', '89504888479', ''),
(33, 'INSTITUT TEKNOLOGI BANDUNG', '', 'Matematika', 2016, 'harryyudha@outlook.com', '85786862708', ''),
(34, 'ITENAS', 'TEKNIK INDUSTRI', 'TEKNIK ELEKTRO', 2016, '2016abdurohman@gmail.com', '81313018199', ''),
(35, 'UNISBA', 'Teknik', 'Perencanaan', 2015, 'alda.dots1@gmail.com', '85222270866', ''),
(36, 'STIKES AHMAD YANI CIMAHI', 'Kesehatan', 'Kebidanan', 2009, 'tiwiozella@gmail.com', '85702212521', ''),
(37, 'STIE EKUITAS', 'Ekonomi', 'Keuangan & Perbankan', 2017, 'sylviadini469@gmail.com', '83823250453', ''),
(38, 'UNIVERSITAS SANGGA BUANA', 'Ilmu komunikasi dan Administrasi', 'Administrasi Bisnis', 2016, 'imania.agnie@gmail.com', '83856087046', ''),
(39, 'STT MANDALA', 'Teknik', 'Teknik Mesin', 2015, 'arief.dn93@gmail.com', '81286035288', ''),
(40, 'POLITEKNIK PIKSI GANESHA', 'Ekonomi', 'Manajemen Bisnis Lanjutan', 2016, 'baswijayarhm@gmail.com', '08812055100/085659047042', ''),
(41, 'UNIKOM', 'Teknik dan ilmu komputer', 'Informatika', 2016, 'herditapermana@gmail.com', '89668354665', ''),
(42, 'ST-INTEN BANDUNG', 'Teknik', 'Arsitektur', 2014, 'hudaniakbar@gmail.com', '85724014170', ''),
(43, 'UNISBA', 'Kedokteran', 'Kedokteran', 2014, 'lulu13new@gmail.com', '81312599976', ''),
(44, 'UNIVERSITAS ISLAM NUSANTARA', 'Pendidikan', 'PG Paud', 2012, 'nuurysnamaulani@gmail.com', '85794206647', ''),
(45, 'EKUITAS', 'Manajemen', 'Manajemen', 2014, 'diks019@gmail.com', '', ''),
(46, 'UNIVERSITAS SINGAPERBANGSA KARAWANG', 'Ilmu komputer', 'Teknik Informatika', 2016, 'ruziq354@gmail.com', '85320009104', ''),
(47, 'UNIVERSITAS WIDYATAMA', 'Ekonomi', 'Akuntansi', 2016, 'ln_aprillia@yahoo.com', '81223414821', ''),
(48, 'UNIVERSITAS PENDIDIKAN INDONESIA', 'Fakultas Pendidikan Ilmu Pengetahuan Sosial', 'Manajemen Industri Katering', 2013, 'comocomsa@yahoo.com', '85720589502', ''),
(49, 'UNIVERSITAS PENDIDIKAN INDONESIA', 'FPBS', 'Bahasa dan Sastra Inggris', 2007, 'Dwitania_kemalfa@hotmail.com', '6.29E+17', ''),
(50, 'UNIVERSITAS ISLAM BANDUNG', 'ekonomi dan bisnis', 'manajemen', 2016, 'indanazlf18@gmail.com', '81221227592', ''),
(51, 'UNIVERSITAS ISLAM BANDUNG', 'Psikologi', 'Psikologi', 2009, 'trika.nurita@gmail.com', '6.29E+17', ''),
(52, 'UNIVERSITAS WIDYATAMA', 'Ekonomi', 'Akuntansi', 2015, 'wina.pe.wp@gmail.com', '82120007424', ''),
(53, 'INSTITUT TEKNOLOGI BANDUNG', 'Fakultas Ilmu dan Teknik Kebumian', 'Meteorologi', 2013, 'yukidwip@gmail.com', '85721017180', ''),
(54, 'BINA SARANA INFORMATIKA', 'Teknik', 'Teknik Informatika', 2015, 'alfikom.univ@gmail.com', '87786622214', ''),
(55, 'UNIVERSITAS TERBUKA', 'FISIP', 'Ilmu komunikasi', 2015, NULL, '81321444062', ''),
(56, 'TELKOM UNIVERSITY', 'Teknik Elektro', 'Teknik Elektro', 2013, 'ardey1995@outlook.com', '81271464765', ''),
(57, 'BSI', '', 'DKV', 2017, 'daud.univ@gmail.com', '82140083916', ''),
(58, 'UNIVERSITAS PENDIDIKAN INDONESIA', 'FPBS', 'Pendidikan Bahasa Jerman', 2015, 'destiaraaulia354@gmail.com', '85624009440', ''),
(59, 'UNISBA', 'Psikologi', 'Psikologi', 2015, NULL, '8567661907', ''),
(60, 'UNIKOM', 'Teknik', 'Sistem Informasi', 2012, NULL, '89691863408', ''),
(61, 'UNISBA', 'Psikologi', 'Ilmu Psikologi', 2014, NULL, '85722478064', ''),
(62, 'UNIVERSITAS PASUNDAN', 'Fakultas Ilmu Sosial dan Ilmu Politik', 'Hubungan Internasional', 2016, 'kyachia@gmail.com', '85864976324', ''),
(63, 'STIE EKUITAS', 'Ekonomi', 'Manajemen', 2017, 'syafitrinuraulia407@gmail.com', '89656888208', ''),
(64, 'BSI', 'Teknik', 'Informatika', 2016, 'akhyarwachid313@gmail.com', '82118211354', ''),
(65, 'STMIK INDONESIA MANDIRI', '', 'Teknik Informatika', 2013, 'agungn354@yahoo.com', '81222404800', ''),
(66, 'ITENAS', 'FTSP', 'Teknik Planologi', 2015, 'anggaramadhan44@gmail.com', '8.12E+16', ''),
(67, 'INSTITUT TEKNOLOGI NASIONAL', 'Teknologi Industri', 'Teknik Kimia', 2015, 'cachaariesta@yahoo.co.id', '81220435166', ''),
(68, 'UNPAS', 'FISIP', 'Ilmu Komunikasi', 2016, 'chrissanjaya75@gmail.con', '83810874518', ''),
(69, 'STAISA JAKARTA', 'Pendidikan', 'Pendidikan Agama Islam', 2015, 'pnura986@gmail.com', '85711925674', ''),
(70, 'TELKOM UNIVERSITY', 'Seni Rupa', 'Desain Komunikasi Visual', 2010, 'dionraden@gmail.com', '', ''),
(71, 'UNIVERSITAS WIDYATAMA', 'Bisnis dan Manajemen', 'Manajemen', 2015, 'Dausgunners12@gmail.cok', '82111386012', ''),
(72, 'UNIVERSITAS PENDIDIKAN INDONESIA', 'FPMIPA', 'Fisika', 2015, 'uswatunhsnh97@gmail.com', '82295318246', ''),
(73, 'UNISBA', 'hukum', 'hukum', 2017, 'auliawidiyanti2@gmail.com', '85724846982', ''),
(74, 'POLITEKNIK LP3I BANDUNG', 'Ekonomi', 'Akuntansi', 2017, '201703030.lp31@gmail.com', '82297026814', ''),
(75, 'UNIVERSITAS PENDIDIKAN INDONESIA', '', 'Ilmu Komputer', 2014, NULL, '83820610757', ''),
(76, 'UNIVERSITAS KOMPUTER INDONESIA', 'Teknik dan Ilmu Komputer', 'Teknik Informatika', 2017, 'randypramidya@gmail.com', '81331087749', ''),
(77, 'ITENAS', 'Seni rupa dan desain', 'desain komunikasi visual', 2016, 'firyalamalya@gmail.com', '85759940992', ''),
(78, 'UNIVERSITAS KOMPUTER INDONESIA', 'Teknik Dan Ilmu Komputer', 'Sistem Informasi', 2016, 'nadivaldi333@gmail.com', '81312368095', ''),
(79, 'ITENAS', 'Tekhnik Sipil dan Perencanaan', 'Teknik Lingkungan', 2014, 'spentu.rizka@gmail.com', '82119578568', ''),
(80, 'UNIVERSITAS TERBUKA', 'FISIP', 'Sastra Inggris Bidang Minat Penerjemahan', 2014, 'pututindahwati@gmail.com', '85730856049', ''),
(81, 'ITENAS', 'teknis sipil dan perencanaan', 'teknik lingkungan', 2014, 'rani.anisaroyani@gmail.com', '81281373416', ''),
(82, 'ITENAS', 'Fakultas Teknologi Industri', 'Teknik Industri', 2014, 'syifafraa@gmail.com', '85759940991', ''),
(83, 'UNIVERSITAS WIDYATAMA', '', 'Bahasa Inggris', 2013, NULL, '89628680172', ''),
(84, 'ITENAS', 'Teknologi Industri', 'Teknik Mesin', 2017, 'alubaidahpratama@gmail.com', '85659986860', ''),
(85, 'INSTITUT TEKNOLOGI BANDUNG', 'Teknologi Industri', 'Teknik Elektro', 2015, 'andriantaufiq75@gmail.com', '85351835755', ''),
(86, 'PIKSI GAMESHA BANDUNG', '', 'Manajemen Informatika', 2013, NULL, '8112069054', ''),
(87, 'UNISBA', 'Komunikasi', 'Hubungan Masyarakat', 2014, NULL, '87808225792', ''),
(88, 'ITENAS', 'Teknik', 'Indutri', 2017, 'putraangga1221@gmail.com', '85280653959', ''),
(89, 'AKADEMIK BSI', '', 'Manajemen Perusahaan', 2013, NULL, '85797022195', ''),
(90, 'ITENAS', 'Teknologi Industri', 'Teknik Industri', 2017, 'renoadityacaha@gmail.com', '82281178278', ''),
(91, 'UNISBA', 'Tarbiyah dan Pendidikan', 'Pgpaud', 2017, 'RizqaSorayaAgnia@gmail.com', '85794433394', ''),
(92, 'ITENAS', '', 'Desain Komunikasi Visual', 2014, NULL, '87862224782', ''),
(93, 'UNLA', 'Teknik', 'Arsitektur', 2015, 'yupirachmawati19@gmail.com', '85322723311', ''),
(94, 'POLITEKNIK PIKSI GANESHA', '', 'Manajemen Bisnis', 2015, NULL, '85959595354', ''),
(95, 'UNIVERSITAS KOMPUTER INDONESIA', 'Fakultas Sastra', 'Sastra Jepang', 2015, 'fajar.dyaz@yahoo.co.id', '81312661515', ''),
(96, 'UNIVERSITAS ISLAM BANDUNG', 'Mipa', 'Farmasi', 2013, 'aisya.qisthi@yahoo.com', '8977591354', ''),
(97, 'UNIVERSITAS ISLAM BANDUNG', 'Muamalah', 'Perbankan Syariah', 2014, 'annisacahaya28@gmail.com', '87824210318', ''),
(98, 'INSTITUT TEKNOLOGI BANDUNG', 'FTTM', 'Teknik Perminyakan', 2013, 'dicky.sulthon.tm@gmail.com', '85867669330', ''),
(99, 'INSTITUT TEKNOLOGI BANDUNG', 'FTTM', '', 2017, 'rizkiaflahulm@gmail.com', '87794567354', ''),
(100, 'UNIVERSITAS PENDIDIKAN INDONESIA', 'FPTK', 'Pendidikan Tata Busana', 2016, 'nurulkhairunnisa97@gmail.com', '85714515474', ''),
(101, 'MARANATHA UNIVERSITY', '', '', 2013, NULL, '', ''),
(102, 'UNIVERSITAS PADJADJARAN', 'Kedokteran', 'Keperawatan', 2012, NULL, '', ''),
(103, 'UNPAR', '', '', 2011, NULL, '', ''),
(104, 'UNIVERSITAS PENDIDIKAN INDONESIA', 'Fakultas Pendidikan Teknologi dan Kejuruan', 'Pendidikan Kesejahteraan Keluarga', 2013, 'mohirsyad354@gmail.com', '8985207196', ''),
(105, 'UNIVERSITAS ISLAM BANDUNG', 'Teknik', 'Teknik Industri', 2015, 'fauzanhilmi10@gmail.com', '85756536230', ''),
(106, 'UNIVERSITAS TELKOM', '', '', 2015, NULL, '', ''),
(107, 'UNIVERSITAS PENDIDIKAN INDONESIA', 'FPOK', 'PJKR', 2014, NULL, '', ''),
(108, 'UNIVERSITAS ISLAM BANDUNG', 'Teknik', 'Teknik Industri', 2016, 'arezky432@gmail.com', '82115862629', ''),
(109, 'INSTITUT TEKNOLOGI BANDUNG', 'SBM', '', 2017, 'afyancholil@gmail.com', '82298371357', ''),
(110, 'INSTITUT TEKNOLOGI BANDUNG', 'FTSL', 'Teknik Lingkungan', 2013, 'alina.prayogo01@gmail.com', '85721294536', ''),
(111, 'INSTITUT TEKNOLOGI BANDUNG', 'SAPPK', 'Arsitektur', 2016, 'alyssadila@yahoo.com', '81212217410', ''),
(112, 'INSTITUT TEKNOLOGI BANDUNG', '', 'Fakultas Seni Rupa Dan Design', 2016, NULL, '82348999323', ''),
(113, 'INSTITUT TEKNOLOGI BANDUNG', 'FMIPA', 'Kimia', 2015, 'anisanurarifa5@gmail.com', '85713741303', ''),
(114, '-', '', '', 0000, 'arjunsakti354@yahoo.com', '85742511140', ''),
(115, 'INSTITUT TEKNOLOGI BANDUNG', '', 'Teknik Informatika', 2012, NULL, '81326455055', ''),
(116, 'INSTITUT TEKNOLOGI BANDUNG', '', 'Fakultas Ilmu Dan Teknologi Kebumian', 2016, NULL, '85313817508', ''),
(117, 'INSTITUT TEKNOLOGI BANDUNG', 'FTI', 'Teknik Industri', 2016, 'dias_15@yahoo.com', '82125477161', ''),
(118, 'INSTITUT TEKNOLOGI BANDUNG', 'Sekolah Ilmu dan Teknologi Hayati', 'TPB', 2017, 'fahmir1999@gmail.com', '89618195570', ''),
(119, 'INSTITUT TEKNOLOGI BANDUNG', 'Teknologi Industri', 'Teknik Kimia', 2015, 'faqihmualim23@gmail.com', '85274851165', ''),
(120, 'UNIVERSITAS WIDYATAMA', '', 'Akuntansi', 2012, NULL, '85361133394', ''),
(121, 'POLMAN BANDUNG', '', 'Teknik Manufaktur', 2014, NULL, '82217889349', ''),
(122, 'UNIVERSITAS ISLAM BANDUNG', 'KEDOKTERAN', 'DOKTER', 2017, 'putrinw21@gmail.com', '81310408437', ''),
(123, 'INSTITUT TEKNOLOGI BANDUNG', 'FTSL', 'Teknik Kelautan', 2014, 'fenniasista@gmail.com', '81223894910', ''),
(124, 'INSTITUT TEKNOLOGI BANDUNG', '', 'Teknik Pertambangan', 2014, NULL, '8999923346', ''),
(125, 'INSTITUT TEKNOLOGI BANDUNG', 'Ilmu dan Teknologi Kebumian', '', 2017, 'ibnukiki19@yahoo.com', '81232315233', ''),
(126, 'INSTITUT TEKNOLOGI BANDUNG', 'Teknik Mesin dan Dirgantar', '', 2017, 'irbadmuhtarom@gmail.com', '85328485000', ''),
(127, 'INSTITUT TEKNOLOGI BANDUNG', 'Sekolah Teknik Elektro dan Informatika', 'Teknik Elektro', 2015, 'alfisyahri313@gmail.com', '85601002654', ''),
(128, 'INSTITUT TEKNOLOGI BANDUNG', 'FITB', 'Oseanografi', 2015, 'kholillahyudicia@gmail.com', '81313225741', ''),
(129, 'INSTITUT TEKNOLOGI BANDUNG', 'Fakultas Ilmu Teknologi Kebumian', 'Teknik Geodesi Dan Geomatika', 2015, 'mashicaas@gmail.com', '82242020402', ''),
(130, 'INSTITUT TEKNOLOGI BANDUNG', '', 'Sistem Dan Teknologi Informasi', 2012, NULL, '81901648641', ''),
(131, 'INSTITUT TEKNOLOGI BANDUNG', '', 'Teknik Kelautan', 2015, NULL, '85145058515', ''),
(132, 'INSTITUT TEKNOLOGI BANDUNG', 'Sekolah Bisnis Dan Management', 'Management', 2016, 'm.khasan@sbm-itb.ac.id', '89609156786', ''),
(133, 'INSTITUT TEKNOLOGI BANDUNG', 'FTSL', '', 2017, 'affanarroyan5@gmail.com', '82186692375', ''),
(134, 'INSTITUT TEKNOLOGI BANDUNG', 'FTMD', '', 2017, 'sefanomuhammad@gmail.com', '85810507448', ''),
(135, 'UNPAD', 'Pertanian', 'agrotek', 2013, 'zafranghaly@gmail.com', '85222252596', ''),
(136, 'AKADEMI TATA BOGA BANDUNG', 'Tata Boga', 'Tata Boga', 2016, 'nadhifasophia254@gmail.com', '8.95E+16', ''),
(137, 'INSTITUT TEKNOLOGI BANDUNG', '', 'Kriya', 2013, NULL, '81321308810', ''),
(138, 'INSTITUT TEKNOLOGI BANDUNG', 'Teknik Pertambangan Dan Perminyakan', 'Teknik Pertambangan', 2014, 'nurfahmiyusuf@yahoo.com', '85716667430', ''),
(139, 'INSTITUT TEKNOLOGI BANDUNG', '', 'Teknik Geofisika', 2014, NULL, '82110313525', ''),
(140, 'INSTITUT TEKNOLOGI BANDUNG', 'Fakultas Ilmu dan Teknologi Kebumian', 'TPB', 2017, 'auzan87@gmail.com', '85702316414', ''),
(141, 'INSTITUT TEKNOLOGI BANDUNG', 'Teknik Mesin dan Dirgantara', 'Teknik Mesin', 2015, 'ramdhan.gerry@gmail.com', '85703054451', ''),
(142, 'INSTITUT TEKNOLOGI BANDUNG', '', 'Mba', 2015, NULL, '81945973733', ''),
(143, 'POLMAN BANDUNG', '', 'Teknik Manufaktur', 2016, 'fauzirizalfauzi@yahoo.com', '85846678907', ''),
(144, 'INSTITUT TEKNOLOGI BANDUNG', 'ftsl', '-', 2017, 'rizkoramdahni9@gmail.com', '83195340456', ''),
(145, 'INSTITUT TEKNOLOGI BANDUNG', '', 'Teknik Metalurgi', 2014, NULL, '8568487117', ''),
(146, 'INSTITUT TEKNOLOGI BANDUNG', 'FSRD', '', 2017, 'shafire1303@gmail.com', '85770588977', ''),
(147, 'INSTITUT TEKNOLOGI BANDUNG', 'Fakultas Teknik Pertambangan dan Perminyakan', 'Teknik Perminyakan', 2014, 'sidiqamin7@gmail.com', '89676207799', ''),
(148, 'INSTITUT TEKNOLOGI BANDUNG', '', 'Teknik Lingkungan', 2013, NULL, '81277250337', ''),
(149, 'INSTITUT TEKNOLOGI BANDUNG', 'Fakultas Teknologi Industri', 'Teknik Fisika', 2017, 'teja.abdullah10@gmail.com', '81381818142', ''),
(150, 'INSTITUT TEKNOLOGI BANDUNG', '', 'Teknik Industri', 2016, NULL, '81229254347', ''),
(151, 'UNPAS', '', 'Manajemen', 2016, 'ahmadkasmudi@gmail.com', '82253557457', ''),
(152, 'INSTITUT TEKNOLOGI BANDUNG', '', 'sains dan taknologo farmasi', 2016, 'aldatazkia@yahoo.com', '0857 1681 3516', ''),
(153, 'UNIVERSITAS SANGGA BUANA YPKP BANDUNG', 'Teknik', 'Teknik Industri', 2012, 'sugiarti04@gmail.com', '85722204425', ''),
(154, 'UPI', 'Keguruan dan Ilmu Pendidikan', 'Bimbingan Konseling', 2016, 'sabilarizkaarina@gmail.com', '89638965148', ''),
(155, 'STKS', 'Pekerjaan Sosial', 'Pekerja Sosial', 2017, 'auliabinti33@gmail.com', '85647838790', ''),
(156, 'POLITEKNIK MANUFAKTUR BANDUNG', '', '', 0000, 'azuka.shaba@gmail.com', '89635055281', ''),
(157, 'INSTITUT TEKNOLOGI BANDUNG', 'FTSL', 'T. Lingkungan', 2013, 'dinibachri@yahoo.co.id', '85697178738', ''),
(158, 'INSTITUT TEKNOLOGI BANDUNG', '', 'T. Perminyakan', 2012, NULL, '81290229151', ''),
(159, 'INSTITUT TEKNOLOGI BANDUNG', '', 'T. Material', 2013, 'dyfan.ajy@gmail.com', '85798539585', ''),
(160, 'STKS', 'Pekerjaan Sosial', 'Pekerjaan Sosial', 2015, 'fiqhaamaradini@gmail.com/ mahardinierfik', '81221583044', ''),
(161, 'INSTITUT TEKNOLOGI BANDUNG', 'FTTM', 'T. Metalurgi', 2013, 'erzahasbifadhilah@gmail.com', '85720376969', ''),
(162, 'UNIVERSITAS PADJAJARAN', 'Teknologi Industri Pertanian', 'Teknologi Industri Pangan', 2005, 'evi.fathiah@gmail.com', '08569930535/ 081312004535', ''),
(163, 'STKS', 'Pekerjaan Sosial', 'Pekerjaan Sosial', 2016, 'fadhilaprameswari@yahoo.com', '0896 2521 2123', ''),
(164, 'UNPAS', '', '', 2012, NULL, '0856 5913 3600', ''),
(165, 'STKS', 'Pekerjaan Sosial', 'Pekerjaan Sosial', 2012, 'fadli.abdulaziz@gmail.com', '85725124779', ''),
(166, 'POLITEKNIK MANUFAKTUR NEGERI BANDUNG', '', 'T. Manufaktur', 2015, 'fahmiianto@gmail.com', '83820242377', ''),
(167, 'INSTITUT TEKNOLOGI BANDUNG', 'Teknologi Industri', 'Fisika Teknik', 2015, 'farah_nadya75@yahoo.com', '', ''),
(168, 'INSTITUT TEKNOLOGI BANDUNG', 'FITB', '', 2017, 'figoagrielmeaghan73@gmail.com', '82210714190', ''),
(169, 'UNIVERSITAS ISLAM BANDUNG', 'Fakultas Psikologi', 'Psikologi', 2015, 'harsha.soesilo@gmail.com', '82214250985', ''),
(170, 'ITENAS', '', 'Arsitektur', 2011, 'firdaus.rw@gmail.com', '81312239354', ''),
(171, 'INSTITUT TEKNOLOGI BANDUNG', 'FMIPA', 'Kimia', 2013, 'gayatriayuandari@yahoo.com', '85785203908', ''),
(172, 'INSTITUT TEKNOLOGI BANDUNG', 'FMIPA', 'Fisika', 2014, 'hilmanfaizi@gmail.com', '82298408075', ''),
(173, 'UNIKOM', '', 'Manajemen Sdm', 2014, 'humairakn904@gmail.com', '87823542543', ''),
(174, 'INSTITUT TEKNOLOGI BANDUNG', 'FTTM', 'Teknik Perminyakan', 2011, 'irsyad.giovanni@yahoo.com', '85695326662', ''),
(175, 'UNIVERSITAS SANGGA BUANA YPKP', 'ekonomi dan bisnis', 'Menejemen', 2013, 'itanurmalia0@gmail.com', '85624324581', ''),
(176, 'STKS', '', 'Pekerjaan Sosial', 2015, 'khairunnisamardiyati@gmail.com', '85695509614', ''),
(177, 'UNIVERSITAS LANGLANGBUANA', 'Ekonomi', 'Manajemen', 2015, 'luckyfarisp723@gmail.com', '8981043392', ''),
(178, 'UNIKOM', 'Teknik dan Ilmu Komputer', 'Teknik Informatika', 2016, 'ibadgutwara@gmail.com', '82310647304', ''),
(179, 'POLITEKNIK MANUFAKTUR NEGERI BANDUNG', '', 'Teknik Otomasi Manufaktur&Mekatronika', 2016, 'muhamadbahari97@gmail.com', '85351236295', ''),
(180, 'UNIVERSITAS ISLAM BANDUNG', 'Syariah', 'Lembaga Keuangan Perbankkan Syariah', 2015, 'Diqqi45@gmail.com', '81312365293', ''),
(181, 'STKS', 'Pekerjaan Sosial', 'Pekerjaan Sosial', 2103, 'muhammadsalmanalkufy@gmail.com', '0853 1269 6867', ''),
(182, 'INSTITUT TEKNOLOGI BANDUNG', 'Sekolah Farmasi', 'Sains Dan Teknologi Farmasi', 2015, 'mutiarahasanah97@gmail.com', '87781072619', ''),
(183, 'UNIVERSITAS KRISTEN MARANATHA', 'psikologi', 'psikologi', 2016, 'nadya_astianur@yahoo.com', '82121404229', ''),
(184, 'INSTITUT TEKNOLOGI BANDUNG', 'FTTM', 'Teknik Perminyakan', 2015, 'nurulaghnif@gmail.com', '82186499721', ''),
(185, 'STKS', 'Pekerjaan Sosial', 'Pekerjaan Sosial', 2015, 'silapanca57@gmail.com', '8562562501', ''),
(186, 'UNPAD', '', 'perpajakan', 0000, 'Pradipta.oktarian@yahoo.com', '85776363883', ''),
(187, 'POLITEKNIK MANUFAKTUR NEGERI BANDUNG', '-', 'D4 Foundry/ Teknik Pengecoran Logam', 0000, 'rafidanko1@gmail.com', '82122677772', ''),
(188, 'UNISBA', 'Psikologi', 'Psikologi', 2016, 'randikatf@gmail.com', '85798430384', ''),
(189, 'INSTITUT TEKNOLOGI BANDUNG', 'FTMD', 'T. Material', 2013, 'retnadiah354@gmail.com', '85231307114', ''),
(190, 'STMIK AMIK BANDUNG', '', 'Teknik Informatika', 2015, 'reza.baitullah@gmail.com', '89666038614', ''),
(191, 'UNIKOM', '', 'T.INFORMATIKA', 0000, 'rihanalfirdausperdana@gmail.com', '82213000852', ''),
(192, 'STKS', 'Pekerjaan Sosial', 'Pekerjaan Sosial', 2014, 'rizkibagusarsa22@gmail.com', '0823 1553 0714', ''),
(193, 'STKS', '', 'Sarjana Terapan Pekerjaan Sosial', 2017, 'sofiananurkhasanah@gmail.com', '85848821416', ''),
(194, 'UNIKOM', 'FISIP', 'Ilmu Komunikasi', 2016, 'ezio100596@gmail.com', '81236147686', ''),
(195, 'UNIVERSITAS WIDYATAMA', 'TEKNIK', 'T. Informatika', 2015, 'tonwija@gmail.com', '83820826858', ''),
(196, 'AKADEMI SEKRETARIS DAN MANAJEMEN TARUNA BAKTI', '', 'Sekretaris', 2016, 'thalialmiranda97@gmail.com', '81224451297', ''),
(197, 'STKS', '', 'Pekerjaan Sosial', 2017, 'enggaruswa@gmail.com', '85741430049', ''),
(198, 'TELKOM', 'Fakultas Industri Kreatif', 'Desain Interior', 2016, 'wildanbaniadam@yahoo.co.id', '85724750633', ''),
(199, 'UNPAS', 'Ekonomi dan Bisnis', 'Akuntansi', 2016, 'yulianapratiwiiiii@gmail.com', '82243858200', ''),
(200, 'POLITEKNIK MANUFAKTUR NEGERI BANDUNG', '', 'Teknik Manufaktur', 2014, 'zulfafadila354@gmail.com', '81322681343', ''),
(201, 'INSTITUT TEKNOLOGI BANDUNG', 'FTI', 'Teknik Industri', 2013, 'abdurrochman.maman@yahoo.com', '85715916015', ''),
(202, 'INSTITUT TEKNOLOGI BANDUNG', '', 'Oseanografi', 2013, NULL, '85234727303', ''),
(203, 'INSTITUT TEKNOLOGI BANDUNG', '', 'Desain Produk', 2014, NULL, '85860782539', ''),
(204, 'STKIP SILIWANGI BANDUNG', '', 'Pendidikan Matematika', 2014, NULL, '8791354964', ''),
(205, 'INSTITUT TEKNOLOGI BANDUNG', 'Fakultas teknik pertambangan dan perminyakan', 'Teknik Geofisika', 2015, NULL, '87855536205', ''),
(206, 'UNISBA', 'Syariah', 'Keuangan Perbankan Syariah', 2015, 'risnaannisa29.ra@gmail.com', '89649777624', ''),
(207, 'UNIVERSITAS PENDIDIKAN INDONESIA', 'Ilmu Pendidikan', 'Pendidikan Luar Sekolah', 2015, 'ristamianh@gmail.com', '81214554179', ''),
(208, 'INSTITUT TEKNOLOGI BANDUNG', 'Matematika dan Ilmu Pengetahuan Alam', 'Matematika', 2014, 'rifqi.nadzori@gmail.com', '85607180841', ''),
(209, 'INSTITUT TEKNOLOGI BANDUNG', 'FTSL', 'T. Kelautan', 2015, 'AISYAHDIAHL@GMAIL.COM', '85861739319', ''),
(210, 'INSTITUT TEKNOLOGI BANDUNG', 'SAPPK', 'Planologi', 2017, 'akamilahanif@gmail.com', '89631155626', ''),
(211, 'INSTITUT TEKNOLOGI BANDUNG', 'FTMD', '-', 2017, 'maulana.aris.prayogo@gmail.com', '81212437556', ''),
(212, 'UNIKOM', 'Teknik dan Ilmu Komputer', 'T. Informatika', 2016, 'batara354@gmail.com', '85314041411', ''),
(213, 'INSTITUT TEKNOLOGI BANDUNG', '', '', 0000, NULL, '89621134837', ''),
(214, 'UNISBA', '', 'Psikologi', 2014, NULL, '85711249876', ''),
(215, 'INSTITUT TEKNOLOGI BANDUNG', 'FSRD', 'DKV', 2016, 'dewisa1598@gmail.com', '81280789464', ''),
(216, 'INSTITUT TEKNOLOGI BANDUNG', 'FTI', 'Teknik Fisika', 2017, 'octadita.js@gmail.com', '85766858522', ''),
(217, 'UNIVERSITAS KOMPUTER INDONESIA', '', 'Teknik Informatika', 2015, NULL, '8999034842', ''),
(218, 'INSTITUT TEKNOLOGI BANDUNG', '', 'T. Mesin', 2015, NULL, '81332452787', ''),
(219, 'INSTITUT TEKNOLOGI BANDUNG (ITB)', 'Sekolah Teknik Elektro dan Informatika (STEI)', 'T. Informatika', 2015, 'fadhilimamk@gmail.com', '85741627404', ''),
(220, 'UNIVERSITAS PENDIDIKAN INDONESIA', 'Pendidikan teknologi dan kejuruan', 'Pendidikan teknik mesin', 2017, 'fadlikhairul18@gmail.com', '89624163188', ''),
(221, 'INSTITUT TEKNOLOGI BANDUNG', 'Teknik Mesin dan Dirgantara', 'TPB', 2017, 'fahmiabisam@gmail.com', '85218070140', ''),
(222, 'UNPAD', '', 'Akuntansi', 2013, NULL, '87711057534', ''),
(223, 'UNIKOM', '', 'Sastra Jepang', 2015, NULL, '81312661515', ''),
(224, 'POLITEKNIK STTTEKSTIL BANDUNG', '', 'Produksi Garmen Konsentrasi Fashion Design', 2015, NULL, '85784760045', ''),
(225, 'UNPAD', '', 'Program Pofesi Dokter Gigi', 2009, NULL, '81394434777', ''),
(226, 'INSTITUT TEKNOLOGI BANDUNG', 'FTI', 'Teknik Kimia', 2015, 'ghiffaryazka75@gmail.com', '8.95E+16', ''),
(227, 'INSTITUT TEKNOLOGI BANDUNG', 'SITH', 'Biologi', 2014, 'hafizhmuhammad354@gmail.com', '82122316375', ''),
(228, 'UNIKOM', '', 'T. Informatika', 2016, NULL, '85926069106', ''),
(229, 'INSTITUT TEKNOLOGI BANDUNG', 'FITB', 'Meteorologi', 2012, 'intanpprayitno@gmail.com', '8562633481', ''),
(230, 'STIE EKUITAS', 'Ekonomi', 'keuangan dan perbankan', 2017, 'isduzis@gmail.com', '8.88E+17', ''),
(231, 'UNIKOM', 'Teknik dan Ilmu Komputer', 'Teknik Informatika', 2009, 'ardhy@ymail.com', '87766989268', ''),
(232, 'UNPAD', '', 'Akuntansi', 2014, NULL, '87788250515', ''),
(233, 'UNPAS', 'Ekonomi', 'Akuntansi', 2017, 'marpujiapermata@gmail.com', '81379005375', ''),
(234, 'INSTITUT TEKNOLOGI BANDUNG', 'Seni rupa dan desain', 'TPB', 2017, 'uzumakivitrano@gmail.com', '82313538854', ''),
(235, 'UNPAD', 'Ekonomi dan Bisnis', 'Akuntansi', 2013, NULL, '8572236277', ''),
(236, 'INSTITUT TEKNOLOGI BANDUNG', 'FMIPA', 'Kimia', 2016, 'novia.annisa@gmail.com', '85846966746', ''),
(237, 'UNISBA', '', 'Manajemen', 2012, NULL, '85817473223', ''),
(238, 'UNPAD', 'Ekonomi dan Bisnis', 'Ilmu Ekonomi Studi Pembangunan', 2011, 'akbareds@outlook.com', '85669693060', ''),
(239, 'INSTITUT TEKNOLOGI BANDUNG', '', 'Fttm', 2016, NULL, '85892308280', ''),
(240, 'UNVERSITAS TERBUK', 'Keguruan dan Ilmu Pendidikan', 'Pendidikan Ekonomi', 2017, 'ranggabary@gmail.com', '81223529283', ''),
(241, 'INSTITUT TEKNOLOGI BANDUNG', '', 'Manajemen', 2014, NULL, '82237290234', ''),
(242, 'INSTITUT TEKNOLOGI BANDUNG', '', 'Fti', 2016, NULL, '8155958550', ''),
(243, 'INSTITUT TEKNOLOGI BANDUNG', 'Fakultas Teknologi Industri', 'Teknik Kimia', 2016, 'abdanrizal@gmail.com', '85782979047', ''),
(244, 'UNISBA', '', 'T. Perrtambangan', 2011, NULL, '85794341678', ''),
(245, 'INSTITUT TEKNOLOGI BANDUNG', 'FMIPA', 'Astronomi', 2017, 'ainun.sabrina@yahoo.co.id', '88805852352', ''),
(246, 'INSTITUT TEKNOLOGI BANDUNG', 'Sekolah Teknik Elektro dan Informatika', 'Teknik Biomedis', 2015, 'septasiadwiangfika@gmail.com', '85743711269', ''),
(247, 'INSTITUT TEKNOLOGI BANDUNG', '', 'T. Geofisika', 2012, NULL, '85714291477', ''),
(248, 'UNIKOM', '', 'Sistem Informasi', 2012, NULL, '82217483317', ''),
(249, 'ITENAS', 'FSP', 'T. Arsitektur', 2012, 'treehard37@gmail.com', '8.57E+17', ''),
(250, 'INSTITUT TEKNOLOGI BANDUNG', '', 'Planologi', 2015, NULL, '85331010610', ''),
(251, 'INSTITUT TEKNOLOGI BANDUNG', '', 'Manajemen Rekayasa Industri', 2014, NULL, '85641024832', ''),
(252, 'POLITEKNIK POS INDONESIA', '', 'Teknik Informatika', 2013, NULL, '89677632591', ''),
(253, 'UNIVERSITAS KOMPUTER INDONESIA', 'ISIP', 'Ilmu Komunikasi', 2015, 'heryudhaihsan@gmail.com', '82295021909', ''),
(254, 'UNIVERSITAS LANGLANGBUANA', '', 'Pendidikan Matematika', 2014, NULL, '85721232211', ''),
(255, 'UNLA', '', 'Arsitektur', 2016, NULL, '85771393465', ''),
(256, 'UPI', 'Bahasa', 'Pendidikan Bahasa Inggris', 2012, NULL, '', ''),
(257, 'UPI', 'IPSE', 'MIPA', 2012, NULL, '', ''),
(258, 'UNIVERSITAS ISLAM BANDUNG', '', 'Public Relations/Humas', 2015, NULL, '82216633314', ''),
(259, 'UNPAS', '', 'Pbsid', 2014, NULL, '82316316930', ''),
(260, 'UNIVERSITAS PENDIDIKAN INDONESIA', 'Fakultas Pendidikan Teknik dan Kejuruan', 'Pendidikan Kesejahteraan Keluarga', 2014, 'Fnachmad@gmail.com', '83829400152', ''),
(261, 'INSTITUT TEKNOLOGI NASIONAL (ITENAS)', 'Teknik Sipil Dan Perencanaan', 'Teknik Sipil', 2013, 'abdillahrifqi7777@gmail.com', '81809962565', ''),
(262, 'UNIVERSITAS ISLAM BANDUNG', 'Fakultas Ekonomi dan Bisnis', 'Manajemen Ekonomi', 2014, 'dianayult@gmail.com', '89689000606', ''),
(263, 'UPI', 'Pendidikan Teknik dan Kejuruan', 'Teknik Elektro', 2014, 'agungramd@gmail.com', '8996802204', ''),
(264, 'TELKOM UNIVERSITY', 'Ekonomi', 'Marketing Management', 2014, NULL, '81394513028', ''),
(265, 'UNIVERSITAS KRISTEN MARANATHA', 'Teknik', 'Teknik Industri', 2017, 'chirzangagah@gmail.com', '89649555065', ''),
(266, 'STBA YAPARI ABA BANDUNG', '', 'bahasa inggris', 2017, 'syifaaz86@gmail.com', '89619510554', ''),
(267, 'UNIVERSITAS PARAHYANGAN', '', 'Ekonomi Pembangunan', 2014, NULL, '82116374197', ''),
(268, 'UNISBA', '', 'Tambang', 2014, NULL, '82214368335', ''),
(269, 'POLITEKNIK TEDC', '', 'Akuntansi', 2014, NULL, '', ''),
(270, 'MARANATHA', '', '', 2013, NULL, '', ''),
(271, 'UNIVERSITAS PARAHYANGAN', '', 'Teknik Industri', 2011, NULL, '', ''),
(272, 'INSTITUT TEKNOLOGI BANDUNG', 'FTSL', 'Teknik Kelautan', 2011, NULL, '85624029065', ''),
(273, 'UNIVERSITAS PENDIDIKAN INDONESIA', 'Bahasa', 'B. Indonesia', 2012, NULL, NULL, ''),
(274, 'POLTEKES', 'Kesehatan', 'Analis Kesehatan', 2016, NULL, NULL, ''),
(275, 'STIKEP PPNI JAWA BARAT', '', 'Keperawatan', 2015, NULL, '85320029297', ''),
(276, 'POLBAN', 'Teknik', 'Elektro', 2015, NULL, NULL, ''),
(277, 'POLTEKKES BANDUNG', '', 'Analisis Kesehatan', 2014, NULL, '85642755722', ''),
(278, 'UPI', '', 'PBSID', 2014, NULL, '82316316930', ''),
(279, 'POLBAN', '', 'Administrasi Niaga', 2016, NULL, '89631740405', ''),
(280, 'STIKEP PPNI JAWA BARAT', '', 'Keperawatan', 2012, NULL, '81222711802', ''),
(281, 'POLTEKKES BANDUNG', '', 'Gizi', 2016, NULL, '81394290415', ''),
(282, 'UNISBA', '', 'Statistika', 2016, NULL, '81394548340', ''),
(283, 'POLTEKES', 'Kesehatan', 'Gizi', 2015, NULL, NULL, ''),
(284, 'NURTANIO', '', 'Kesenian', 2011, NULL, '85659976599', ''),
(285, 'POLTEKKES KEMENKKES BANDUNG', '', 'Gizi', 2015, NULL, '85648371848', ''),
(286, 'ITENAS', 'teknik', 'sipil', 2015, NULL, '', ''),
(287, 'POLTEK POS', 'Teknik', 'Informatika', 2016, NULL, '', ''),
(288, 'MARANATA', 'Kesenian', 'DKV', 2015, 'fitriinn', '82218022850', ''),
(289, 'UNIVERSITAS PENDIDIKAN INDONESIA', 'FPIP', 'Pendidikan Khusu', 2015, NULL, NULL, ''),
(290, 'UNPAS', '', 'Parawisata', 2014, NULL, '', ''),
(291, 'UNIVERSITAS PENDIDIKAN INDONESIA', 'FPMIPA', 'Pendidikan Ilmu Komputer', 2014, 'Ilhamfadhilahteez@gmail.com', '85294735444', ''),
(292, 'UNIVERSITAS PENDIDIKAN INDONESIA', 'FP', 'PKH', 0000, NULL, '8572288095', ''),
(293, 'UNIVERSITAS PENDIDIKAN INDONESIA', 'Bahasa', 'Pendidikan Bahasa Jepang', 0000, 'Nurulnijma', '8112230175', ''),
(294, 'PISI GANESA', 'Kesehatan', 'Management Rumah Sakit', 2015, NULL, '82337691289', ''),
(295, 'UNPAS', 'Bahasa', 'Bahasa Inggris', 2015, NULL, NULL, ''),
(296, 'POLBAN', 'Ekonomi', 'Bahasa Inggris Bisnis', 2014, NULL, '', ''),
(297, 'ITENAS', '', 'Teknik Sipil', 2015, NULL, NULL, ''),
(298, 'POLTEK POS', '', 'Akuntansi', 2014, NULL, '89682618904', ''),
(299, 'POLTEK POS', '', 'Logistik Bisnis', 2104, NULL, NULL, ''),
(300, 'POLTEK POS', '', 'Logistik Bisnis', 2016, NULL, '', ''),
(301, 'POLTEK POS', '', 'Logistik Bisnis', 2014, NULL, '', ''),
(302, 'POLITEKNIK NEGERI BANDUNG', '', 'Teknik Informatika', 2015, NULL, NULL, ''),
(303, 'UNIVERSITAS WIDYATAMA', 'FBM', 'Manajemen', 2015, NULL, NULL, ''),
(304, 'POLTEK POS', '', 'Manajemen Bisnis', 2015, NULL, '', ''),
(305, 'UNISBA', 'FK', 'Kedokteran', 2015, NULL, NULL, ''),
(306, 'POLTEK POS', '', 'Logistik Bisnis', 2014, NULL, '', ''),
(307, 'STKIP PASUNDAN CIMAHI', '', '', 2013, NULL, NULL, ''),
(308, 'POLTEK POS', '', 'Logistik Bisnis', 2016, NULL, NULL, ''),
(309, 'UPI', '', 'Pendidikan Ips', 2015, NULL, '8567732492', ''),
(310, 'UNIVERSITAS PENDIDIKAN INDONESIA (UPI)', 'FPIPS', 'IPAI', 2017, 'allen.dio@upi.edu', '81380721800', ''),
(311, 'UPI', 'Pendidikan seni dan desain', 'seri rupa', 2014, 'alpaini.azzahra@gmail.com', '85322123545', ''),
(312, 'UPI', '', '', 2016, NULL, '', ''),
(313, 'UNPAS', '', '', 0000, NULL, '', ''),
(314, 'UNIVERSITAS PENDIDIKAN INDONESIA', 'FPIPS', 'PKN', 2013, 'apif.rosdie@gmail.com', '85295750621', ''),
(315, 'UNIVERSITAS PENDIDIKAN INDONESIA (UPI)', 'FPOK', 'Kepelatihan', 2016, 'rahayubayu25@gmail.com', '82316839678', ''),
(316, 'UNIVERSITAS PENDIDIKAN INDONESIA', 'FPTK', 'Pendidikan Tata Boga', 2017, 'danangkusuma117@gmail.com', '85887686153', ''),
(317, 'AKPAR NHI', '', 'Manajemen Pastry', 2014, 'delzayustia@gmail.com', '8.95E+16', ''),
(318, 'UNIVERSITAS PENDIDIKAN INDONESIA', 'Fakultas Pendidikan Ilmu Pengetahuan Sosial', 'Pendidikan IPS', 2015, 'destriip@gmail.com', '81563763778', ''),
(319, 'UPI', 'FPTK', 'Pendidikan Tata Busana', 2015, 'diahqusnul@yahoo.co.id', '83822572720', ''),
(320, 'UNIVERSITAS PENDIDIKAN INDONESIA', 'Fakultas Ilmu Pendidikan', 'Pendidikan Guru Sekolah Dasar', 2015, 'ginaaulia46@gmail.com', '81310171842', ''),
(321, 'UPI', 'FPOK', 'Sport Education', 2016, 'ginannugroho@student.upi.edu', '82387873854', ''),
(322, 'UPI', '', 'Pendidikan Teknik Sipil', 2013, NULL, '85717885752', ''),
(323, 'POLBAN', 'Administrasi Niaga', 'Administrasi Bisnis', 2017, 'indriniswanti17@gmail.com', '83174810967', ''),
(324, 'UNIVERSITAS PENDIDIKAN INDONESIA', 'Fakultas Pendidikan Bahasa dan Sastra', 'Bahasa dan Sastra Indonesia', 2015, 'kharismagaluhk@gmail.com', '81287883469', ''),
(325, 'UNIKOM', '', 'Teknik Komputer', 2014, NULL, '(0264)201846 / 08179223670', ''),
(326, 'UPI', '', 'Pendidikan Ekonomi', 2014, NULL, '87824850818', ''),
(327, 'UPI', 'FPIPS', 'Pendidikan Ips', 2014, 'meysin54@gmail.com', '85797964053', ''),
(328, 'UNPAS', '', 'Teknik Industri', 2014, NULL, '85871239590', ''),
(329, 'UPI', '', 'Manajemen Industri Katering', 2016, NULL, '83825939850', ''),
(330, 'UNIVERSITAS PENDIDIKAN INDONESIA', 'Fakultas Pendidikan Ilmu Pengetahuan Sosial', 'Pendidikan IPS', 2014, 'rahminiswanti26@gmail.com', '81398170828', ''),
(331, 'UNIVERSITAS PENDIDIKAN INDONESIA', 'Fakultas Pendidikan Bahasa dan Sastra', 'Pendidikan Bahasa Inggris', 2013, 'restisu@gmail.com', '89620067421', ''),
(332, 'UPI', '', 'Manajemen', 2013, NULL, '81908838592', ''),
(333, 'UPI', 'fakultas ilmu pendidikan', 'Pgsd', 2016, 'ka.nurizka@gmail.com', '8111347111', ''),
(334, 'UPI', 'Pendidikan tinkat tinggi dan kejuruan', 'Pendidikan Teknik Mesin', 2013, 'rizkiali54@gmail.com', '85322001253', ''),
(335, 'UPI', 'FPTK', 'Pendidikan Teknik Sipil', 2013, 'rizkyrofix@ymail.com', '85381118258', ''),
(336, 'UNIVERSITAS PENDIDIKAN INDONESIA', 'pendidikan matematika dan ilmu pengetahuan alam', 'pendidikan fisika', 2016, 'sylvianovakuntari65@gmail.com', '82221969420', ''),
(337, 'UNIVERSITAS PENDIDIKAN INDONESIA', 'Ilmu Pendidikan', 'Administrasi Pendidikan S2', 2015, 'abdulfatah86latugho@gmail.com', '85397996044', ''),
(338, 'UNPAD', 'teknik', 'industri', 0000, 'hurairoh@gmail.com', '136725486', ''),
(339, 'ARIYANTI', '-', 'tatabusana', 2017, 'adellal354@gmail.com', '89696868275', ''),
(340, 'UNIVERSITAS PENDIDIKAN INDONESIA', 'Pendidikan dan Sastra', 'Pendidikan Bahasa Inggris', 2014, 'suvyadella@gmail.com', '85956728077', ''),
(341, 'UNIVERSITAS PENDIDIKAN INDONESIA', 'Pendidikan Olahraga dan Kesehatan', 'Pendidikan Olahraga', 2014, 'afwanal@gmail.com', '85215268325', ''),
(342, 'UNIVERSITAS PENDIDIKAN INDONESIA', 'FPMIPA', 'Pendidikan Kimia', 2015, 'ahmadfadillah331@student.upi.edu', '85974503319', ''),
(343, 'UNIVERSITAS PENDIDIKAN INDONESIA', '', 'Teknik Sipil', 2015, NULL, '85881813442', ''),
(344, 'UPI', 'FPIPS', 'PKN', 2017, 'amaliahutm@gmail.com', '83824008123', ''),
(345, 'UNIVERSITAS PENDIDIKAN INDONESIA', 'FPMIPA', 'Pendidikan Matematika', 2015, 'anisnuzilar@gmail.com', '82288112657', ''),
(346, 'UNIVERSITAS PASUNDAN', 'Fakultas Teknik', 'Teknik Industri', 2016, 'mega21neu@gmail.com', '85723494438', ''),
(347, 'UNIVERSITAS PENDIDIKAN INDONESIA', 'FPMIPA', 'Pendidikan Kimia', 2015, 'apriliatridzuliani@gmail.com', '82240750022', ''),
(348, 'UNIVERSITAS PENDIDIKAN INDONESIA', '', 'Akutansi', 2013, NULL, '85223235309', ''),
(349, 'UNIVERSITAS PENDIDIKAN INDONESIA', '', 'Pendidikan Fisika', 2013, NULL, '8122191064', ''),
(350, 'UNIVERSITAS PENDIDIKAN INDONESIA', 'FPBS', 'Sastra Inggris', 2017, 'dheaadhani3@gmail.com', '82217840595', ''),
(351, 'UNIVERSITAS PENDIDIKAN INDONESIA (UPI)', 'FPMIPA', 'Pendidikan Fisika', 2017, 'rohmandimasfadili@gmail.com', '82279035812', ''),
(352, 'UNIVERSITAS PENDIDIKAN INDONESIA', 'Fakultas Pendidikan Bahasa dan Sastra', 'Pendidikan bahasa inggris', 2015, 'aku.edistiamaulida@gmail.com', '89634935521', ''),
(353, 'UNIVERSITAS PENDIDIKAN INDONESIA', 'FPSD', 'Pendidikan Seni Rupa', 2017, 'ixa.febrinarizky@yahoo.co.id', '85311503504', ''),
(354, 'UNIVERSITAS PENDIDIKAN INDONESIA', 'Fakultas Pendidikan Ilmu Pengetahuan Sosial', 'ilmu Komunikasi', 2017, 'fildzahkaka2@gmail.com', '82216379623', ''),
(355, 'UNIVERSITAS PENDIDIKAN INDONESIA', 'Fakultas Ilmu Pendidikan', 'teknologi pendidikan', 2017, 'giginginur@gmail.com', '81320160904', ''),
(356, 'UNIVERSITAS PASUNDAN', 'Fakultas Ilmu dan Sastra', 'Sastra Inggris', 2013, '137010015.hilman@gmail.com', '85624058937', ''),
(357, 'UNIVERSITAS PENDIDIKAN INDONESIA', 'FPTK', 'Pendidikan Teknik Mesin', 2015, 'lorensajeki@gmail.com', '82316298886', ''),
(358, 'UNIVERSITAS PENDIDIKAN INDONESIA', 'Fakultas Pendidikan Matematika dan IPA', 'Pendidikan Matematika', 2013, 'leilaseptinats@gmail.com', '87773061823', ''),
(359, 'UPI', 'ilmu pendidikan', 'pg paud', 2017, 'camilalistie@yahoo.co.id', '82319953838', ''),
(360, 'UNIVERSITAS PENDIDIKAN INDONESIA', 'Fakultas Ilmu Pendidikan', 'PG Paud', 2017, 'miaulayyadina04@upi.edu', '81394537037', ''),
(361, 'UNIVERSITAS PENDIDIKAN INDONESIA', 'FPEB', 'Manajemen', 2016, 'miraanggraeni354@gmail.com', '85320185559', ''),
(362, 'UNIVERSITAS PENDIDIKAN INDONESIA', '', '', 2013, NULL, '81223674182', ''),
(363, 'UNIVERSITAS PENDIDIKAN INDONESIA', 'Fakultas Pendidikan Ilmu Pengetahuan Sosial', 'Manajemen Industri Katering', 2016, 'Fathurirsyad@gmail.com', '8176772921', ''),
(364, 'UNIVERSITAS PENDIDIKAN INDONESIA', 'Ilm Pendidiikan', 'Pgsd', 2015, 'nadyabrigita@gmail.com', '82116741001', ''),
(365, 'UNIVERSITAS PENDIDIKAN INDONESIA', 'ILMU PENDIDIKAN', 'Pgpaud', 2015, 'nurulezkanandtya@gmail.com', '81272587753', ''),
(366, 'UNIVERSITAS PENDIDIKAN INDONESIA', 'Fakultas Pendidikan Matematika dan IPA', 'Pendidikan Kimia', 2013, 'qisti354septia@gmail.com', '81221741435', ''),
(367, 'UNIVERSITAS PENDIDIKAN INDONESIA', 'Fakultas Pendidikan Ilmu Pengetahuan Sosial', 'Survey Pemetaan dan Informasi Geografis', 2017, 'rizaldyachmad787@gmail.com', '83825105074', ''),
(368, 'UNIVERSITAS PENDIDIKAN INDONESIA', 'FPOK', 'Pgsd Penjas', 2016, 'royan.ulul@yahoo.com', '83822284004', ''),
(369, 'UNIVERSITAS PENDIDIKAN INDONESIA', 'Fakultas Ilmu Pendidikan', 'Pendidikan Guru Sekolah Dasar', 2013, NULL, '83822000287', ''),
(370, 'UNIVERSITAS PENDIDIKAN INDONESIA', 'Fakultas Pendidikan Matematika dan IPA', 'Pendidikan Fisika', 2013, 'salimah.yusriyah95@student.upi.edu', '85814947720', ''),
(371, 'UNIVERSITAS PASUNDAN', 'Teknik', 'Teknik Industri', 2015, 'sandyindriyanto57@gmail.com', '85711172191', ''),
(372, 'UNIVERSITAS PENDIDIKAN INDONESIA', 'Fakultas Pendidikan Ilmu Pengetahuan Sosial', 'Pendidikan Geografi', 2015, 'sintaamal@gmail.com', '8.95E+15', ''),
(373, 'UNIVERSITAS PENDIDIKAN INDONESIA', 'Fakultas Ilmu Pendidikan', 'Pendidikan Khusus', 2017, 'syifa.jamiatun55@gmail.com', '81221044353', ''),
(374, 'UNIVERSITAS KOMPUTER INDONESIA', 'Teknik dan Ilmu Komputer', 'Teknik Informatika', 2015, 'azureocw@gmail.com', '8172300354', ''),
(375, 'UNIVERSITAS PENDIDIKAN INDONESIA', 'fakultas pendidikan teknologi dan kejuruan', 'pendidikan teknik mesin', 2017, 'trianaridwan44@gmail.com', '8.95E+16', ''),
(376, 'UNIVERSITAS PENDIDIKAN INDONESIA', '', 'Pendidikan Biologi', 2016, 'utaminurfajrini354@gmail.com', '83895104698', ''),
(377, 'UNISBA', 'Teknik', 'Teknik Planologi', 2016, 'abukhasan97@gmail.com', '85645144992', ''),
(378, 'INSTITUT TEKNOLOGI BANDUNG', 'SF', 'Farmasi', 2017, 'fahmyandini@gmail.com', '81313113360', ''),
(379, 'POLBAN', 'Teknik Konversi Energi', 'Teknik Konversi Energi', 2015, 'indahratun24@gmail.com', '89695199717', ''),
(380, 'POLITEKNIK KESEHATAN KEMENKES BANDUNG', 'Gizi', 'Gizi', 2014, 'emailkikiei@gmail.com', '85221314430', ''),
(381, 'UNIVERSITAS PENDIDIKAN INDONESIA', 'FPEB', 'Ilmu Ekonomi dan Keuangan Islam', 2017, 'ramadhaniriz09@gmail.com', '82129296926', ''),
(382, 'POLBAN', 'Administrasi Niaga', 'D3 Administrasi Bisnis', 2016, 'aafifakhruddin12@gmail.com', '85811359085', ''),
(383, 'UNIVERSITAS PARAHYANGAN (UNPAR)', 'Teknik', 'Arsitektur', 2012, 'abdulsuryo@gmail.com', '81214164581', ''),
(384, 'UPI', '', 'Pendidikan Teknik Sipil', 2014, NULL, '82320841258', ''),
(385, 'UPI', '', 'Geografi', 2015, NULL, '89603283916', ''),
(386, 'UNIVERSITAS PENDIDIKAN INDONESIA', 'Fakultas Pendidikan Ilmu Pengetahuan Sosial (FPIPS', 'Pendidikan Sosiologi', 2015, 'agnirezpector@gmail.com', '85714000200', ''),
(387, 'ITENAS', 'Teknik dan Perencanaan', 'Teknik Lingkungan', 2014, 'auliaayu96@gmail.com', '81221019637', ''),
(388, 'UNIVERSITAS PENDIDIKAN INDONESIA', 'Fakultas Ilmu Pendidikan', 'PG Paud', 2015, 'diajengamaras18@yahoo.com', '89657613464', ''),
(389, 'UNPAS', '', 'Teknik Informatika', 2012, NULL, '89683067464', ''),
(390, 'UNPAS', 'Teknik', 'Teknik Mesin', 2015, 'erikaestell8@gmail.com', '85779419658', ''),
(391, 'POLITEKNIK BANDUNG', 'Fakultas Teknik Sipil', 'Konstruksi Sipil', 2015, 'faizah.amayjamaluddin@yahoo.com', '83827445910', ''),
(392, 'UNIVERSITAS PENDIDIKAN INDONESIA', '', '', 2016, 'fauziahamay@gmail.com', '83825763822', ''),
(393, 'POLITEKNIK NEGERI BANDUNG', 'Teknik Elektro', 'D3-Teknik Telekomunikasi', 2017, 'firdasahala18@gmail.com', '81382935840', ''),
(394, 'POLIKTEKNIK TEDC BANDUNG', 'Informatika', 'Informatika', 2016, 'galihrikaz.gr@gmail.com', '-', ''),
(395, 'POLBAN', '', 'Teknik Elektro', 2014, 'gebyarwahyuputra@gmail.com', '85694694349', ''),
(396, 'UNIVERSITAS PENDIDIKAN INDONESIA', 'FPTK', 'Teknik Mesin', 2016, 'ibnufaza7@gmail.com', '81288314657', ''),
(397, 'STP NHI BANDUNG', '', 'Manajemen Patiseri', 2014, 'lul.uunurj@gmail.com', '85777608452', ''),
(398, 'UPI', '', 'Akuntansi', 2011, NULL, '82112893313', ''),
(399, 'INSTITUT TEKNOLOGI BANDUNG', '', 'Mesin', 2013, NULL, '85720440166', ''),
(400, 'SEKOLAH TINGGI MENEJEMN LOGISTIK', 'Menejemen', 'menejemen transportasi logistik', 2017, 'mohammadkholifatuimami@yahoo.co.id', '81326813398', ''),
(401, 'POLITEKNIK NEGERI BANDUNG', '', 'Teknik Elektro', 2016, 'taqinzhokamp@gmail.com', '89614184465', ''),
(402, 'INSTITUT TEKNOLOGI NASIONAL', 'FSRD', 'Desain Interior', 2016, 'ifanfauzan15@gmail.com', '89657321877', ''),
(403, 'POLITEKNIK NEGRI BANDUNG', 'Teknik Komputer & Informatika', 'Teknik Komputer & Informatika', 2015, 'adityayuwan354@gmail.com', '87821447818', ''),
(404, 'POLBAN', '', 'Teknik Mesin', 2014, NULL, '8996134696', ''),
(405, 'POLITEKNIK NEGERI BANDUNG', 'D3 Teknik Pendingin dan Tata Udara', 'Teknik Refrigerasi dan Tata Udara', 2015, 'putrisintiasari10@gmail.com', '85315811500', ''),
(406, 'POLITEKNIK NEGERI BANDUNG', 'Teknik Elektro', 'Teknik Elektronika', 2017, 'rhivangga712@gmail.com', '85314393601', ''),
(407, 'POLTEK TEDC BANDUNG', '', 'Toi (Elektro)', 2015, 'sungguhibadisyakur@gmail.com', '83818541934', ''),
(408, 'POLMAN', 'TEKNIK', 'Teknik Perancangan Manufaktur', 2015, NULL, '', ''),
(409, 'UNINUS', 'PENDIDIKAN', 'Pendidikan Bahasa & Sastra Indonesia', 2015, NULL, '', ''),
(410, 'UIN', 'KOMUNIKASI', 'JURNALISTIK', 2016, NULL, '', ''),
(411, 'UPI', 'PENDIDIKAN', 'Pendidikan Manajemen Perkantoran', 2014, NULL, '', ''),
(412, 'TELKOM', 'EKONOMI', 'MANAGEMEN', 2014, NULL, '', ''),
(413, 'WIDYATAMA', 'EKONOMI', 'MANAGEMEN', 2014, NULL, '', ''),
(414, 'UNPAS', 'KOMUNIKASI', 'Ilmu komunikasi', 2016, NULL, '', ''),
(415, 'LANG-LANG BUANA', 'TEKNIK', 'INFORMATIKA', 2016, NULL, '', ''),
(416, 'UNIKOM', 'TEKNIK', 'INFORMATIKA', 2015, NULL, '', ''),
(417, 'UNPAD', 'KOMUNIKASI', 'Ilmu komunikasi', 2012, NULL, '', ''),
(418, 'Ekuitas', 'EKONOMI', 'Akuntansi ormas', 2014, NULL, '', ''),
(419, 'TELKOM', 'TEKNIK', 'Ilmu kanuragan', 2015, NULL, '', ''),
(420, 'UPI', 'PENDIDIKAN', 'Pendidikan olahraga', 2014, NULL, '', ''),
(421, 'STKIP PASUNDAN', 'Olahraga', 'Olahraga', 2016, NULL, '', ''),
(422, 'WIDYATAMA', 'EKONOMI', 'akuntansi', 2017, NULL, '', ''),
(423, 'IT-U', 'HUKUM', 'Ilmu Hukum', 2016, NULL, '', ''),
(424, 'Ekuitas', 'EKONOMI', 'Akuntansi', 2013, NULL, '', ''),
(425, 'UPI', 'PENDIDIKAN', 'Pend. Fisika', 2013, 'destimiftahussolihah@gmail.com', '82320756330', ''),
(426, 'UPI', 'EKONOMI', 'MANAGEMEN', 2015, 'abdillahadiwijaya@gmail.com', '89643638734', ''),
(427, 'ISBI', 'SENIRUPA & DESAIN', 'Seni kriya', 2017, 'salsabilahannyr@gmail', '85755944371', ''),
(428, 'UNPAR', 'KOMUNIKASI', 'Hubungan Internasional', 2016, NULL, '0857-2123-9906', ''),
(429, 'UNPAS', 'KOMUNIKASI', 'Ilmu Komunikasi', 2016, NULL, '', ''),
(430, 'UNPAR', 'HUKUM', 'Hukum', 2017, NULL, '', ''),
(431, 'UNPAS', 'KOMUNIKASI', 'Hubungan Internasional', 2017, NULL, '', ''),
(432, 'UNPAD', 'HUKUM', 'Kenotariatan', 2017, NULL, '0812-2042-9343', ''),
(433, 'UNPAS', 'EKONOMI', 'Administrasi Bisnis', 2015, NULL, '', ''),
(434, 'UNINUS', 'Keguruan dan Ilmu Pendidikan', 'Pendidikan Warbiyasa', 2014, NULL, '0858-6156-9286', ''),
(435, 'UNINUS', 'Keguruan dan Ilmu Pendidikan', 'Pendidikan Matematika', 2013, NULL, '0881-1032-804', ''),
(436, 'UNPAS', 'Teknik', 'Teknik Industri', 2014, 'Fahrilebo@gmail.com', '89610776089', ''),
(437, 'UPI', 'Ekonomi', 'Manajemen', 2015, 'Wildanarief8@gmail.com', '85220340887', ''),
(438, 'UNINUS', 'FKIP', 'B. Inggris', 2017, 'auliaichsan01438@gmail.com', '83861491677', ''),
(439, 'UNIKOM', 'FSRD', 'DKV', 2014, NULL, '-', ''),
(440, 'STIEPAR YAPARI', 'Perhotelan', 'Fast Track Boga', 2016, 'dinayunita.11@gmail.com', '89625790524', ''),
(441, 'ITENAS', 'FTSP', 'Teknik Sipil', 2015, 'diandratirafadlisha@yahoo.com', '82218627284', ''),
(442, 'Politeknik STTT', 'TEKNIK', 'Produksi Garmen', 2014, 'sucioktafianti@gmail.com', '82237983032', ''),
(443, 'Stikes Dharma Husada Bandung', '-', 'Ilmu Kesehatan Masyarakat', 2016, 'rismamaulani17@gmail.com', '89656844052', ''),
(444, 'LPKIA', 'Sistem Informasi', 'Sistem Infromasi', 2013, 'syifanadhni@gmail.com', '82129414889', ''),
(445, 'UNINUS', 'FKIP', 'Bahasa Inggris', 2015, 'elasuryani5@gmail.com', '85210295581', ''),
(446, 'Ekuitas', 'EKONOMI', 'akuntansi', 2017, 'elyasafadlabdilah@gmail. Com', '81615154765', ''),
(447, 'UNISBA', 'EKONOMI', 'akuntansi', 2017, 'kania.dewi53@gmail.com', '85833623616', ''),
(448, 'WIDYATAMA', 'EKONOMI', 'MANAGEMEN', 2015, 'luthfincent@gmail. Com', '87837661909', ''),
(449, 'UNIKOM', 'EKONOMI', 'AKUNTANSI', 2017, 'nisrinaarden@gmail.com', '8880941970', ''),
(450, 'STFI', 'FARMASI', 'FARMASI', 2017, 'nisrinaarden@gmail.com', '88809419700', ''),
(451, 'STIE ekuitas', 'Ekonomi', 'Manajemen', 2015, 'wahidm014@gmail.com', '85608537441', ''),
(452, 'UNIBI', 'Komunikasi dan desain', 'DKV', 2016, 'hanif. dhilla@gmail.com', '', ''),
(453, 'Al-Imarat', 'Bahasa', 'Bahasa Arab', 2017, 'izen. Muckhammad@gmail.com', '83826383780', ''),
(454, 'STIE Ekuitas', 'Ekonomi', 'Manajemen', 2016, 'Drizkiii07@gmail.com', '81221363018', ''),
(455, 'Telkom University', 'Ekonomi Bisnis', 'MBTI', 2014, 'falihbagusp@gmail.com', '81320130803', ''),
(456, 'ITENAS', 'Teknik Sipil dan Perencanaan', 'Arsitektur', 2014, NULL, '', ''),
(457, 'Telkom University', 'Komunikasi Bisnis', 'IKOM', 2017, 'ilhamferdian98@gmail.com', '85781013398', ''),
(458, 'Telkom University', 'Ekonomi Bisnis', 'MBTI', 2015, 'nisakhodijah09@gmail.com', '87722090997', ''),
(459, 'UNIKOM', 'Teknik dan Ilmu Komputer', 'Sistem Informasi', 2017, 'rizqia.akamila@gmail.com', '81321138740', ''),
(460, 'UNIBI', 'Komunikasi dan Desain', 'Ilmu Komunikasi', 2017, 'tantifauzianiaa@gmail.com', '89678568085', ''),
(461, 'Institut Teknologi Banyumas', 'teknik', 'Teknik Sipil', 2016, NULL, '', ''),
(462, 'universitasisasi', 'shuttle bus', 'Bandung Tasik', 2016, NULL, '', ''),
(463, 'ITENAS', 'Teknik', 'TEKNIK SIPIL', 2015, NULL, '', ''),
(464, 'UNPAS', 'Teknik', 'TEKNIK LINGKUNGAN', 2016, 'syakiramadhan@gmail.com', '87722238354', ''),
(465, 'UNIBI', 'EKONOMI', 'MANAJEMEMEN BISNIS', 2017, NULL, '81654910501', ''),
(466, 'UNPAD', 'HUKUM', 'ILMU HUKUM', 2017, 'raja.m.rafli@gmail.com', '83820102653', ''),
(467, 'UPI', 'FPTK', 'PEND. TEKNIK ELEKTRO', 2015, NULL, '', ''),
(468, 'UNJANI', 'Teknik', 'TEKNIK INDUSTRI', 2014, NULL, '', ''),
(469, 'AL - GHIFARI', 'MIPA', 'FARMASI', 2015, NULL, '', ''),
(470, 'STIKES BHAKTI KENCANA', 'KEPERAWATAN', 'KONS. ANESTESI', 2016, NULL, '', ''),
(471, 'UNINUS', 'FKIP (KEGURUAN&ILMU PENDIDIKAN)', 'PG-PAUD', 2015, NULL, '', ''),
(472, 'AGP', 'Pertambangan', 'Pertambangan', 0000, NULL, '', ''),
(473, 'STMIK LIKMI', 'EKONOMI', 'MANAGEMENT', 0000, NULL, '', ''),
(474, 'WIDYATAMA', 'EKONOMI', 'AKUNTANSI', 0000, NULL, '', ''),
(475, 'WIDYATAMA', 'EKONOMI', 'MANAGEMENT', 0000, NULL, '', ''),
(476, 'KATOLIK PARAHYANGAN', 'EKONOMI', 'EKONOMI PEMBANGUNAN', 0000, NULL, '', ''),
(477, 'ITB', 'FTMD', 'MESIN', 0000, NULL, '', ''),
(478, 'WIDYATAMA', 'EKONOMI', 'MANAGEMENT', 0000, NULL, '', ''),
(479, 'WIDYATAMA', 'EKONOMI', 'MANAGEMENT', 0000, NULL, '', ''),
(480, 'WIDYATAMA', 'EKONOMI', 'MANAGEMENT', 0000, NULL, '', ''),
(481, 'WIDYATAMA', 'EKONOMI', 'AKUNTANSI', 0000, NULL, '', ''),
(482, 'UNPAR', 'HUKUM', 'HUKUM', 0000, NULL, '', ''),
(483, 'TELKOM', '', 'T. INDUSTRI', 0000, NULL, '', ''),
(484, 'ITB', 'IPA', 'GEOLOGI', 0000, NULL, '', ''),
(485, 'TELKOM', '', '', 0000, NULL, '', ''),
(486, 'STPB', '', 'PASTRY', 0000, NULL, '', ''),
(487, 'STEMBI', '', 'AKUNTANSI', 0000, NULL, '', ''),
(488, 'ITB', '', 'PLANOLOGI', 0000, NULL, '', ''),
(489, 'POLBAN', '', '', 0000, NULL, '', ''),
(490, 'ITENAS', '', '', 0000, NULL, '', ''),
(491, 'UNPAD', 'SASTRA', 'JEPANG', 0000, NULL, '', ''),
(492, 'UNPAS', '', 'T.PANGAN', 0000, NULL, '', ''),
(493, 'UNPAD', 'SASTRA', 'INGGRIS', 0000, NULL, '', ''),
(494, 'UNPAD', '', 'PERIKANAN', 0000, NULL, '', ''),
(495, 'UNIBI', '', 'DKV', 0000, NULL, '', ''),
(496, 'STT TEKSTIL', '', '', 0000, NULL, '', ''),
(497, 'NHI', '', 'PASTRY', 0000, NULL, '', ''),
(498, 'UNPAR', '', 'T.INDUSTRI', 0000, NULL, '', ''),
(499, 'UNIKOM', '', 'AKUNTANSI', 0000, NULL, '', ''),
(500, 'UNIKOM', '', 'AKUNTANSI', 0000, NULL, '', ''),
(501, 'WIDYATAMA', '', 'DKV', 0000, NULL, '', ''),
(502, 'INSTITUT TEKNOLOGI BANDUNG', '', 'ELEKTRO (S-2)', 0000, NULL, '', ''),
(503, 'UNIVERSITAS PENDIDIKAN INDONESIA', 'FMIPA', 'PENDIDIKAN KIMIA', 2014, NULL, '85659080135', ''),
(504, 'STIKES IMMANUEL', '', 'MANAJEMEN RUMAH SAKIT', 2015, NULL, '83822516116', ''),
(505, 'UNIVERSITAS TELKOM', 'INDUSTRI KREATIF', 'KRIYA TEKSTIL MODE', 2016, 'fatimahnur10@gmail.com', '89605711389', ''),
(506, 'UNIVERSITAS KOMPUTER BANDUNG', 'DESAIN', 'DESAIN KOMUNIKASI VISUAL', 2015, NULL, '89639879969', '');
INSERT INTO `tb_infopeserta` (`id`, `kampus`, `fakultas`, `jurusan`, `angkatan`, `email`, `telepon`, `teleponcadangan`) VALUES
(507, 'UNIBI', 'TEKNOLOGI INFORMASI', 'TEKNIK INFORMATIKA', 2016, 'akris936@gmail.com', '8818294651', ''),
(508, 'UIN GUNUNG JATI', 'SYARIAH DAN HUKUM', 'HUKUM PERBANKAN SYARIAH', 2015, 'irmaamaryam@gmail.com', '8999759904', ''),
(509, 'POLITEKNIK MANUFAKTUR BANDUNG', 'TEKNIK', 'TEKNIK PERANCANGAN PERKAKAS PRESISI', 2014, NULL, '81388271002', ''),
(510, 'UNIVERSITAS WIDYATAMA', 'BISNIS & MANAJEMEN', 'MANAJEMEN', 2015, 'Safiraaghnatajriya@gmail.com', '', ''),
(511, 'UNIVERSITAS PADJAJARAN', 'KEDOKTERAN', 'KEBIDANAN', 2015, NULL, '', ''),
(512, 'UNIVERSITAS ISLAM BANDUNG', 'KEDOKTERAN', 'PSIKOLOG', 2015, NULL, '', ''),
(513, 'UNIVERSITAS PADJAJARAN', '', 'AGRI BISNIS', 2017, NULL, '', ''),
(514, 'UNIVERSITAS WIDYATAMA', 'BISNIS & MANAJEMEN', 'MANAJEMEN', 2016, NULL, '', ''),
(515, 'INSTITUT TEKNOLOGI NASIONAL', '', 'DESAIN PRODUK', 2015, NULL, '89657056106', ''),
(516, 'UNIVERSITAS PARAHYANGAN', 'TEKNIK', 'TEKNIK INDUSTRI', 0000, NULL, '8221821855', ''),
(517, 'UNIVERSITAS TELKOM', 'FAKULTAS ILMU TERAPAN', 'MANAJEMEN INFORMATIKA', 2015, NULL, '81231395665', ''),
(518, 'UIN GUNUNG JATI', 'TARBIYAH DAN KEGURUAN', 'PENDIDIKAN GURU PAUD', 2014, NULL, '83829504533', ''),
(519, 'UNIVERSITAS PASUNDAN', 'TEKNIK', 'TEKNIK PANGAN', 2016, 'Lailialely@gmail.com', '87888529814', ''),
(520, 'STIKES RAJAWALI', '', 'KEBIDANAN', 2015, 'Amnazulfa1@gmail.com', '81394288902', ''),
(521, 'UNIVERSITAS PENDIDIKAN INDONESIA', 'FPOK', 'PJKR', 2015, 'Fauziahhannashella123@gmail.com', '82216087146', ''),
(522, 'UNIKOM', '', 'AKUNTANSI', 2016, NULL, '', ''),
(523, 'STKIP SILIWANGI BANDUNG', 'FKIP', 'PGSD', 2017, 'astrisubagja@gmail.com', '', ''),
(524, 'UNIVERSITAS LANGLANGBUANA', 'FKIP', 'PGSD', 2014, 'fiqihnurfauziah@gmail.com', '', ''),
(525, 'UNIV PADJAJARAN', 'ILMU KOMUNIKASI', 'PERPUSTAKAAN', 2014, NULL, '', ''),
(526, 'UNIV PASUNDAN', 'ILMU SENI DAN SASTRA', 'FOTOGRAFI DAN FILM', 2013, 'taufiiqadam@gmail.com', '0821 1668 2434', ''),
(527, 'WIDYATAMA', 'MANAJEMEN', 'BISNIS MANAJEMEN', 2015, 'faizalakbars96@gmail.com', '0813 1220 5578', ''),
(528, 'WIDYATAMA', 'MANAJEMEN', 'BISNIS MANAJEMEN', 2017, 'fauzimrbs86@gmail.com', '0813 9503 7279', ''),
(529, 'UNIV BSI', 'ILMU SENI DAN SASTRA', 'FILM DAN PERTELEVISIAN', 2015, 'melianiadila27@gmail.com', '0815 5579 5533', ''),
(530, 'UNIV LANGLANGBUANA', 'TEKNIK', 'TEKNIK CIVIL', 2012, 'hafizalrisfand@gamil.com', '0852 2287 3242', ''),
(531, 'ITB', 'FTI-J', 'TEKNIK BIOENERGI DAN KEMURGI', 2016, 'mikailboron21@gmail.com', '0859 7498 7038', ''),
(532, 'TELKOM', 'DKV', 'MULTIMEDIA', 2016, NULL, '', ''),
(533, 'STT MANDALA', 'TEKNIK', 'TEKNIK CIVIL', 2012, 'ariefarman70@yahoo.co.id', '0813 2130 1941', ''),
(534, 'UNIV LANGLANGBUANA', 'TEKNIK', 'TEKNIK INFORMATIKA', 2014, NULL, '0857 3716 6710', ''),
(535, 'Universitas Telkom', 'Fakultas Informatika', 'S1 Ilmu Komputasi', 2010, NULL, '', ''),
(536, 'Universitas Telkom', 'Fakultas Informatika', 'S1 Teknik Informatika', 2011, NULL, '', ''),
(537, 'Universitas Telkom', 'Fakultas Industri Kreatif', 'S1 Desain Interior', 2013, NULL, '', ''),
(538, 'Universitas Telkom', 'Fakultas Ekonomi & Bisnis', 'S1 Manajemen Bisnis Telekomunikasi & Informatika', 2013, NULL, '', ''),
(539, 'Universitas Telkom', 'Fakultas Teknologi Terapan', 'D3 Teknik Informatika', 2013, NULL, '', ''),
(540, 'Universitas Telkom', 'Fakultas Informatika', 'S1 Teknik Informatika', 2013, NULL, '', ''),
(541, 'Universitas Telkom', 'Fakultas Elektro & Telekomunikasi', 'S1 Teknik Fisika', 2014, NULL, '', ''),
(542, 'UPI', '', 'S1 Pendidikan Guru SD', 2014, NULL, '', ''),
(543, 'Universitas Telkom', 'Fakultas Elektro & Telekomunikasi', 'S1 Teknik Telekomunikasi', 2014, NULL, '', ''),
(544, 'Universitas Telkom', 'Fakultas Industri Kreatif', 'S1 Kriya Tekstil dan Mode', 2014, NULL, '', ''),
(545, 'Universitas Telkom', 'Fakultas Informatika', 'S1 Teknik Informatika', 2014, NULL, '', ''),
(546, 'Universitas Telkom', 'Fakultas Komunikasi Bisnis', 'S1 Teknik Telekomunikasi', 2014, NULL, '', ''),
(547, 'Universitas Telkom', 'Fakultas Industri', 'S1 Sistem Informasi', 2014, NULL, '', ''),
(548, 'Universitas Telkom', 'Fakultas Informatika', 'S1 Teknik Informatika', 2014, NULL, '', ''),
(549, 'Universitas Telkom', 'Fakultas Elektro & Telekomunikasi', 'S1 Sistem Komputer', 2014, NULL, '', ''),
(550, 'Universitas Telkom', 'Fakultas Ekonomi & Bisnis', 'S1 Akuntansi', 2014, NULL, '', ''),
(551, 'Universitas Telkom', 'Fakultas Komunikasi Bisnis', 'S1 Administrasi Bisnis', 2014, NULL, '', ''),
(552, 'Universitas Telkom', 'Fakultas Teknologi Terapan', 'D3 Teknik Telekomunikasi', 2014, NULL, '', ''),
(553, 'Universitas Telkom', 'Fakultas Teknologi Terapan', 'D3 Teknik Informatika', 2014, NULL, '', ''),
(554, 'Universitas Telkom', 'Fakultas Industri Kreatif', 'S1 Kriya Tekstil dan Mode', 2014, NULL, '', ''),
(555, 'Universitas Telkom', 'Fakultas Industri', 'S1 Sistem Informasi', 2014, NULL, '', ''),
(556, 'Universitas Telkom', 'Fakultas Ekonomi & Bisnis', 'S1 Akuntansi', 2014, NULL, '', ''),
(557, 'Universitas Telkom', 'Fakultas Informatika', 'S1 Ilmu Komputasi', 2014, NULL, '', ''),
(558, 'Universitas Telkom', 'Fakultas Industri Kreatif', 'S1 Desain Interior', 2014, NULL, '', ''),
(559, 'Universitas Telkom', 'Fakultas Ekonomi & Bisnis', 'S1 Akuntansi', 2014, NULL, '', ''),
(560, 'Universitas Telkom', 'Fakultas Industri', 'S1 Teknik Industri', 2014, NULL, '', ''),
(561, 'Universitas Telkom', 'Fakultas Industri Kreatif', 'S1 Kriya Tekstil dan Mode', 2014, NULL, '', ''),
(562, 'Universitas Telkom', 'Fakultas Teknologi Terapan', 'D3 Manajemen Pemasaran', 2014, NULL, '', ''),
(563, 'Universitas Telkom', 'Fakultas Industri Kreatif', 'S1 Desain Komunikasi Visual', 2015, NULL, '', ''),
(564, 'Universitas Telkom', 'Fakultas Teknologi Terapan', 'D3 Teknik Informatika', 2015, NULL, '', ''),
(565, 'Universitas Telkom', 'Fakultas Teknologi Terapan', 'D3 Manajemen Informatika', 2015, NULL, '', ''),
(566, 'Universitas Telkom', 'Fakultas Industri Kreatif', 'S1 Desain Komunikasi Visual', 2015, NULL, '', ''),
(567, 'Universitas Telkom', 'Fakultas Elektro & Telekomunikasi', 'S1 Teknik Telekomunikasi', 2015, NULL, '', ''),
(568, 'Universitas Telkom', 'Fakultas Teknologi Terapan', 'D3 Teknik Telekomunikasi', 2015, NULL, '', ''),
(569, 'Universitas Telkom', 'Fakultas Elektro & Telekomunikasi', 'S1 Teknik Telekomunikasi', 2015, NULL, '', ''),
(570, 'Universitas Telkom', 'Fakultas Elektro & Telekomunikasi', 'S1 Teknik Telekomunikasi', 2015, NULL, '', ''),
(571, 'Universitas Telkom', 'Fakultas Industri', 'S1 Teknik Industri', 2015, NULL, '', ''),
(572, 'STT Tekstil', '', 'S1 Fashion Design', 2015, NULL, '', ''),
(573, 'Universitas Telkom', 'Fakultas Informatika', 'S2 Socio Informatics', 2015, NULL, '', ''),
(574, 'UNPAD', '', 'S1 Ekonomi', 2015, NULL, '', ''),
(575, 'Universitas Telkom', 'Fakultas Elektro & Telekomunikasi', 'S1 Teknik Telekomunikasi', 2015, NULL, '', ''),
(576, 'Universitas Telkom', 'Fakultas Teknologi Terapan', 'D3 Teknik Komputer', 2015, NULL, '', ''),
(577, 'Universitas Telkom', 'Fakultas Elektro & Telekomunikasi', 'D3 Teknik Telekomunikasi', 2015, NULL, '', ''),
(578, 'Universitas Telkom', 'Fakultas Ekonomi & Bisnis', 'S1 Akuntansi', 2015, NULL, '', ''),
(579, 'Universitas Telkom', 'Fakultas Industri', 'S1 Sistem Informasi', 2015, NULL, '', ''),
(580, 'Universitas Telkom', 'Fakultas Ekonomi & Bisnis', 'S1 Manajemen Bisnis Telekomunikasi & Informatika', 2015, NULL, '', ''),
(581, 'Universitas Telkom', 'Fakultas Ekonomi & Bisnis', 'S1 Manajemen Bisnis Telekomunikasi & Informatika', 2015, NULL, '', ''),
(582, 'Universitas Telkom', 'Fakultas Elektro & Telekomunikasi', 'S1 Teknik Telekomunikasi', 2015, NULL, '', ''),
(583, 'Universitas Telkom', 'Fakultas Elektro & Telekomunikasi', 'S1 Teknik Elektro', 2015, NULL, '', ''),
(584, 'Universitas Telkom', 'Fakultas Industri Kreatif', 'S1 Desain Komunikasi Visual', 2015, NULL, '', ''),
(585, 'Universitas Telkom', 'Fakultas Teknologi Terapan', 'D3 Teknik Telekomunikasi', 2015, NULL, '', ''),
(586, 'Universitas Telkom', 'Fakultas Informatika', 'S1 Teknik Informatika', 2015, NULL, '', ''),
(587, 'Universitas Telkom', 'Fakultas Ekonomi & Bisnis', 'S1 Akuntansi', 2015, NULL, '', ''),
(588, 'Universitas Telkom', 'Fakultas Ekonomi & Bisnis', 'S1 Akuntansi', 2015, NULL, '', ''),
(589, 'Universitas Telkom', 'Fakultas Ekonomi & Bisnis', 'S1 Akuntansi', 2015, NULL, '', ''),
(590, 'Universitas Telkom', 'Fakultas Industri Kreatif', 'S1 Desain Interior', 2015, NULL, '', ''),
(591, 'Universitas Telkom', 'Fakultas Elektro & Telekomunikasi', 'S1 Teknik Telekomunikasi', 2015, NULL, '', ''),
(592, 'Universitas Telkom', 'Fakultas Teknologi Terapan', 'D3 Manajemen Informatika', 2015, NULL, '', ''),
(593, 'Universitas Telkom', 'Fakultas Industri Kreatif', 'S1 Desain Interior', 2015, NULL, '', ''),
(594, 'Universitas Telkom', 'Fakultas Komunikasi Bisnis', 'S1 Administrasi Bisnis', 2015, NULL, '', ''),
(595, 'Universitas Telkom', 'Fakultas Ekonomi & Bisnis', 'S1 Manajemen Bisnis Telekomunikasi & Informatika', 2015, NULL, '', ''),
(596, 'Universitas Telkom', 'Fakultas Informatika', 'S1 Teknik Informatika', 2016, NULL, '', ''),
(597, 'Universitas Telkom', 'Fakultas Industri', 'S1 Sistem Informasi', 2016, NULL, '', ''),
(598, 'Universitas Telkom', 'Fakultas Industri', 'S1 Sistem Informasi', 2016, NULL, '', ''),
(599, 'Universitas Telkom', 'Fakultas Elektro & Telekomunikasi', 'S1 Teknik Elektro', 2016, NULL, '', ''),
(600, 'Universitas Telkom', 'Fakultas Komunikasi Bisnis', 'S1 Administrasi Bisnis', 2016, NULL, '', ''),
(601, 'Universitas Telkom', 'Fakultas Industri Kreatif', 'S1 Seni Rupa Intermedia', 2016, NULL, '', ''),
(602, 'Universitas Telkom', 'Fakultas Industri Kreatif', 'S1 Desain Komunikasi Visual', 2016, NULL, '', ''),
(603, 'Universitas Telkom', 'Fakultas Informatika', 'S1 Teknik Informatika', 2016, NULL, '', ''),
(604, 'Universitas Telkom', 'Fakultas Elektro & Telekomunikasi', 'S1 Sistem Komputer', 2016, NULL, '', ''),
(605, 'Universitas Telkom', 'Fakultas Industri', 'S1 Teknik Industri', 2016, NULL, '', ''),
(606, 'Universitas Telkom', 'Fakultas Teknologi Terapan', 'D3 Perhotelan', 2016, NULL, '', ''),
(607, 'Universitas Telkom', 'Fakultas Industri Kreatif', 'S1 Kriya Tekstil dan Mode', 2016, NULL, '', ''),
(608, 'Universitas Telkom', 'Fakultas Komunikasi Bisnis', 'S1 Ilmu Komunikasi', 2016, NULL, '', ''),
(609, 'Universitas Telkom', 'Fakultas Elektro & Telekomunikasi', 'S1 Teknik Elektro', 2016, NULL, '', ''),
(610, 'Universitas Telkom', 'Fakultas Industri', 'S1 Teknik Industri', 2016, NULL, '', ''),
(611, 'Universitas Telkom', 'Fakultas Elektro & Telekomunikasi', 'S1 Sistem Komputer', 2016, NULL, '', ''),
(612, 'Universitas Telkom', 'Fakultas Industri', 'S1 Teknik Industri', 2016, NULL, '', ''),
(613, 'Universitas Telkom', 'Fakultas Informatika', 'S1 Teknik Informatika', 2016, NULL, '', ''),
(614, 'Universitas Telkom', 'Fakultas Teknologi Terapan', 'D4 Sistem Multimedia', 2016, NULL, '', ''),
(615, 'Universitas Telkom', 'Fakultas Informatika', 'S1 Teknik Informatika', 2016, NULL, '', ''),
(616, 'Universitas Telkom', 'Fakultas Industri Kreatif', 'S1 Desain Komunikasi Visual', 2016, NULL, '', ''),
(617, 'Universitas Telkom', 'Fakultas Industri', 'S1 Teknik Industri', 2016, NULL, '', ''),
(618, 'Universitas Telkom', 'Fakultas Industri', 'S1 Sistem Informasi', 2016, NULL, '', ''),
(619, 'Universitas Telkom', 'Fakultas Industri Kreatif', 'S1 Desain Komunikasi Visual', 2016, NULL, '', ''),
(620, 'Universitas Telkom', 'Fakultas Industri Kreatif', 'S1 Desain Interior', 2016, NULL, '', ''),
(621, 'Universitas Telkom', 'Fakultas Elektro & Telekomunikasi', 'S1 Teknik Telekomunikasi', 2016, NULL, '', ''),
(622, 'Universitas Telkom', 'Fakultas Industri Kreatif', 'S1 Kriya Tekstil dan Mode', 2016, NULL, '', ''),
(623, 'Universitas Telkom', 'Fakultas Teknologi Terapan', 'D3 Manajemen Informatika', 2017, NULL, '', ''),
(624, 'Universitas Telkom', 'Fakultas Komunikasi Bisnis', 'S1 Ilmu Komunikasi', 2017, NULL, '', ''),
(625, 'Universitas Telkom', 'Fakultas Industri Kreatif', 'S1 Desain Komunikasi Visual', 2017, NULL, '', ''),
(626, 'Universitas Telkom', 'Fakultas Industri', 'S1 Sistem Informasi', 2017, NULL, '', ''),
(627, 'Universitas Telkom', 'Fakultas Komunikasi Bisnis', 'S1 Administrasi Bisnis (Kelas Internasional)', 2017, NULL, '', ''),
(628, 'Universitas Telkom', 'Fakultas Elektro & Telekomunikasi', 'S1 Teknik Telekomunikasi', 2017, NULL, '', ''),
(629, 'Universitas Telkom', 'Fakultas Elektro & Telekomunikasi', 'S1 Sistem Komputer', 2017, NULL, '', ''),
(630, 'Universitas Telkom', 'Fakultas Industri Kreatif', 'S1 Kriya Tekstil dan Mode', 2017, NULL, '', ''),
(631, 'Universitas Telkom', 'Fakultas Industri Kreatif', 'S1 Desain Komunikasi Visual', 2017, NULL, '', ''),
(632, 'Universitas Telkom', 'Fakultas Teknologi Terapan', 'D3 Komputerisasi Akuntansi', 2017, NULL, '', ''),
(633, 'Universitas Telkom', 'Fakultas Elektro & Telekomunikasi', 'S1 Teknik Elektro', 2017, NULL, '', ''),
(634, 'Universitas Telkom', 'Fakultas Industri Kreatif', 'S1 Desain Komunikasi Visual', 2017, NULL, '', ''),
(635, 'Universitas Telkom', 'Fakultas Industri Kreatif', 'S1 Desain Komunikasi Visual', 2017, NULL, '', ''),
(636, 'Universitas Telkom', 'Fakultas Teknologi Terapan', 'D3 Teknik Telekomunikasi', 2017, NULL, '', ''),
(637, 'Universitas Telkom', 'Fakultas Elektro & Telekomunikasi', 'S1 Sistem Komputer', 2017, NULL, '', ''),
(638, 'Universitas Telkom', 'Fakultas Teknologi Terapan', 'D3 Teknik Telekomunikasi', 2017, NULL, '', ''),
(639, 'Universitas Telkom', 'Fakultas Teknologi Terapan', 'D3 Teknik Komputer', 2017, NULL, '', ''),
(640, 'Universitas Telkom', 'Fakultas Industri Kreatif', 'S1 Desain Komunikasi Visual', 2017, NULL, '', ''),
(641, 'Universitas Telkom', 'Fakultas Elektro & Telekomunikasi', 'S1 Sistem Komputer', 2017, NULL, '', ''),
(642, 'Universitas Telkom', 'Fakultas Industri Kreatif', 'S1 Kriya Tekstil dan Mode', 2017, NULL, '', ''),
(643, 'Universitas Telkom', 'Fakultas Industri Kreatif', 'S1 Seni Rupa Intermedia', 2017, NULL, '', ''),
(644, 'Universitas Telkom', 'Fakultas Komunikasi Bisnis', 'S1 Administrasi Bisnis', 2017, NULL, '', ''),
(645, 'Universitas Telkom', 'Fakultas Informatika', 'S1 Teknik Informatika', 2017, NULL, '', ''),
(646, 'Universitas TELKOM', '', 'Sistem Informasi', 2010, NULL, '', ''),
(647, 'UNIKOM', '', 'Teknik Komputer', 2011, NULL, '', ''),
(648, 'POLBAN', '', 'T Sipil', 2013, NULL, '', ''),
(649, 'UNIKOM', '', 'FTIK/ Sistem Informasi', 2013, NULL, '', ''),
(650, 'UPI', '', 'PGSD', 2013, NULL, '', ''),
(651, 'Universitas Pasundan', '', 'Ilmu Komunikasi', 2013, NULL, '', ''),
(652, 'STT Textile', '', 'Produksi Garmen', 2013, NULL, '', ''),
(653, '', '', 'T Pulp dan Kertas', 2014, NULL, '', ''),
(654, 'UNPAS', '', 'Hukum', 2014, NULL, '', ''),
(655, 'UNPAD', '', 'Sastra Perancis', 2014, NULL, '', ''),
(656, 'Universitas TELKOM', '', 'T Industri', 2015, NULL, '', ''),
(657, 'UNPAS', '', 'Hukum', 2015, NULL, '', ''),
(658, 'LPKIA', '', 'MI/ Sistem Informasi', 2015, NULL, '', ''),
(659, 'LPKIA', '', 'MI/ Sistem Informasi', 2015, NULL, '', ''),
(660, 'Mecu Buana', '', 'Informatics', 2015, NULL, '', ''),
(661, 'UNIKOM', 'Teknik dan ilmu komputer', 'Teknik Informatika', 2015, NULL, '', ''),
(662, 'Universitas TELKOM', '', 'T Industri', 2015, NULL, '', ''),
(663, 'Universitas Langlangbuana', '', 'PGSD / FKIP', 2015, NULL, '', ''),
(664, 'Polban', '', 'Administrasi', 2015, NULL, '', ''),
(665, 'STTT', '', 'Kimia Tekstil', 2016, NULL, '', ''),
(666, 'Dayeuhkolot', '', 'T Pulp dan Kertas', 2016, NULL, '', ''),
(667, 'Universitas TELKOM', '', 'Akuntansi', 2016, NULL, '', ''),
(668, 'UNPAS', '', 'FE/ Akuntansi', 2016, NULL, '', ''),
(669, 'UNISBA', '', 'Hukum Ekonomi Islam', 2016, NULL, '', ''),
(670, 'Al - Imarot', '', 'Bahasa Arab', 2016, NULL, '', ''),
(671, 'UPI', '', 'PGPAUD /FIP', 2016, NULL, '', ''),
(672, 'Universitas Langlangbuana', '', 'Manajemen /Ekonomi', 2016, NULL, '', ''),
(673, 'UNIBA', '', 'Agrobisnis /Pertanian', 2016, NULL, '', ''),
(674, 'Universitas TELKOM', '', 'Marketing', 2017, NULL, '', ''),
(675, 'Universitas Langlangbuana', '', 'Arsitektur', 2017, NULL, '', ''),
(676, 'UNISBA', '', 'Manajemen', 2017, NULL, '', ''),
(677, 'UPI', '', 'AKUNTANSI', 2012, NULL, '', ''),
(678, 'UIN', '', 'DAKWAH', 2014, NULL, '', ''),
(679, 'PIKSI GANESHA', '', 'MANAJEMEN INFORMATIKA', 2014, NULL, '', ''),
(680, 'UNIKOM', '', 'TEKNIK INFORMATIKA', 2014, NULL, '', ''),
(681, 'NURTANIO', '', 'TEKNIK INDUSTRI', 2015, NULL, '', ''),
(682, 'UPI', '', 'PSIKOLOGI', 2015, NULL, '', ''),
(683, 'UPI', '', 'PEND MANAJEMEN BISNIS', 2015, NULL, '', ''),
(684, 'UNPAS', '', 'BAHASA INDONESIA', 2015, NULL, '', ''),
(685, 'LPKIA', '', 'KOMPUTER ADMINISTRASI BISNIS', 2016, NULL, '', ''),
(686, 'BSI', '', 'SISTEM INFORMASI', 2016, NULL, '', ''),
(687, 'LPKIA', '', 'SISTEM INFORMASI', 2016, NULL, '', ''),
(688, 'STIKES BANDUNG', '', 'BIDAN', 2016, NULL, '', ''),
(689, 'UNIKOM', '', 'ILMU KOMUNIKASI', 2016, NULL, '', ''),
(690, 'UNIKOM', '', 'HUBUNGAN INTERNASIONAL', 2016, NULL, '', ''),
(691, 'UNISBA', '', 'PSIKOLOGI', 2016, NULL, '', ''),
(692, 'UNPAS', '', 'DESAIN KOMUNIKASI VISUAL', 2017, NULL, '', ''),
(693, 'UNPAS', '', 'PGSD', 2017, NULL, '', ''),
(694, 'TELKOM', '', 'TEKNIK ELEKTRO', 2017, NULL, '', ''),
(695, 'MA\'HAD AL IMARAT', '', 'BAHASA ARAB', 2017, NULL, '', ''),
(696, 'UNIVERSITAS TERBUKA', '', 'PGPAUD', 2014, NULL, '', ''),
(697, 'PIKSI GANESHA', '', 'MANAJEMEN BISNIS', 2015, NULL, '', ''),
(698, 'STKIP CIMAHI', '', '', 2015, NULL, '', ''),
(699, 'UIN', '', 'PGMI', 2015, NULL, '', ''),
(700, 'PIKSI GANESHA', '', 'AKUNTANSI', 2016, NULL, '', ''),
(701, 'UNIVERSITAS TERBUKA', '', 'PGSD', 2016, NULL, '', ''),
(702, 'PIKSI GANESHA', '', 'T.INFORMATIKA', 2017, NULL, '', ''),
(703, 'UNJANI', '', 'PSIKOLOGI', 2017, NULL, '', ''),
(704, 'UNIVERSITAS WIDYATAMA', '', 'MANAJEMEN BISNI', 2013, NULL, '', ''),
(705, 'UNPAS', '', 'HUKUM', 2013, NULL, '', ''),
(706, 'UNISBA', '', 'KEDOKTERAN', 2013, NULL, '', ''),
(707, 'STIK IMMANUEL', '', 'ILMU GIZI', 2014, NULL, '', ''),
(708, 'UNPAS', '', 'PGSD', 2014, NULL, '', ''),
(709, 'UNJANI', '', 'TEKNIK MESIN', 2016, NULL, '', ''),
(710, 'STIKES DHARMA HUSADA', '', 'KESEHATAN MASYARAKAT', 2016, NULL, '', ''),
(711, 'UIN', '', 'JURNALISTIK', 2015, NULL, '', ''),
(712, 'UPI', 'FPOK', 'Pendidikan Olahraga', 2015, NULL, '', ''),
(713, 'Universitas Islam Nusantara', 'FKIP', 'PGSD', 2015, NULL, '', ''),
(714, 'UPI', 'PIP', 'PGSD', 2013, NULL, '', ''),
(715, 'UPI', 'FPBS', 'Bahasa dan Sastra', 2016, NULL, '', ''),
(716, 'UNPAD', 'FKG', 'Kedokteran gigi', 2014, NULL, '', ''),
(717, 'UNISBA', 'Teknol', 'Perencanaan Wilayah dan Kota', 2015, NULL, '81220454016', ''),
(718, 'UNIVERSITAS ISLAM NUSANTARA', 'Keguruan Ilmu Pendidikan', 'Pendidikan Matematika', 2013, NULL, '81932010958', ''),
(719, 'INSTITUT TEKNOLOGI NASIONAL', 'Fakultas teknik sipil dan perencanaan', 'Teknik geodesi', 2014, NULL, '85721995421', ''),
(720, 'stan indonesia mandiri', 'manajemen', 'manajemen', 2015, NULL, '85797305095', ''),
(721, 'UNIVERSITAS PENDIDIKAN INDONESIA', 'Fakultas Pendidikan Teknologi dan Kejuruan', 'Pendidikan Tata Busana', 2016, NULL, '', ''),
(722, 'UNIVERSITAS PENDIDIKAN INDONESIA', 'Fakultas Pendidikan Matematika dan Ilmu Pengetahuan Alam', 'Pendidikan Matematika', 2014, NULL, '85795186660', ''),
(723, 'INSTITUT TEKNOLOGI NASIONAL', 'Teknik sipil dan perancangan', 'Teknik lingkungan', 2015, NULL, '', ''),
(724, 'TELKOM UNIVERSITY', 'fakultas industri kreatif', 'kriya tekstil dan mode (fashion desain)', 2016, NULL, '81572971985', ''),
(725, 'UNIVERSITAS PENDIDIKAN INDONESIA', 'fpmipa', 'pendidikan fisika', 2013, NULL, '', ''),
(726, 'UNIVERSITAS PENDIDIKAN INDONESIA', 'Kampus Daerah Cibiru', 'Pendidikan Guru Sekolah Dasar', 2014, NULL, '85722647706', ''),
(727, 'UNIVERSITAS TELKOM', 'Fakultas Teknik Elektro', 'S1 Teknik Telekomunikasi', 2015, NULL, '', ''),
(728, 'UNIVERSITAS TELKOM', 'Ekonomi dan bisnis', 'Akuntansi', 2014, NULL, '', ''),
(729, '', '', '', 0000, NULL, '88217388483', ''),
(730, '', '', '', 0000, NULL, '85214089353', ''),
(731, 'UNIVERSITAS ISLAM NEGERI SUNAN GUNUNG DJATI BANDUNG', 'ushuludin', 'tasawuf psikoterapi', 2015, NULL, '87825318220', ''),
(732, '', '', '', 0000, NULL, '85320829811', ''),
(733, '', '', '', 0000, NULL, '81313527234', ''),
(734, '', '', '', 0000, NULL, '82216572519', ''),
(735, '', '', '', 0000, NULL, '', ''),
(736, 'STT MANDALA', 'Elektro', 'Teknik elektro', 2016, NULL, '87825906254', ''),
(737, 'UNIVERSITAS ISLAM NEGERI SUNAN GUNUNG DJATI BANDUNG', 'Tarbiyah dan Keguruan', 'Pendidikan Agama Islam', 2016, NULL, '', ''),
(738, 'UNIVERSITAS PASUNDAN', 'Fisip', 'Komunikasi', 2014, NULL, '', ''),
(739, '', '', '', 0000, NULL, '81223325435', ''),
(740, '', '', '', 0000, NULL, '', ''),
(741, '', '', '', 0000, NULL, '8228821815', ''),
(742, '', '', '', 0000, NULL, '85222349866', ''),
(743, 'POLITEKNIK NEGERI BANDUNG', 'Teknik Energi', 'Teknik Konversi Energi', 2015, NULL, '82240135820', ''),
(744, '', '', '', 0000, NULL, '', ''),
(745, '', '', '', 0000, NULL, '', ''),
(746, '', '', '', 0000, NULL, '', ''),
(747, 'UNIVERSITAS PENDIDIKAN INDONESIA', 'FPMIPA', 'Pendidikan Matematika', 2014, 'extremehilman@gmail.com', '8382999093', ''),
(748, 'POLITEKNIK NEGERI BANDUNG', '-', 'Bahasa Inggris', 2015, 'dieninugi@yahoo.com', '85659051076', ''),
(749, 'UNIVERSITAS PENDIDIKAN INDONESIA', 'Fakultas pendidikan teknik dan kejuruan', 'Teknik Arsitektur', 2014, 'rakakuncoro.bdg@gmail.com', '81322194256', ''),
(750, 'UNIVERSITAS TERBUKA', 'FKIP', 'PGSD', 2015, 'andhi.aristyan@gmail.com', '82217955115', ''),
(751, 'POLITEKNIK SEKOLAH TINGGI TEKNOLOGI TEKSTIL BANDUNG', '-', 'Fashion Design', 2016, 'hpusparamandha@gmail.com', '85784594205', ''),
(752, 'POLITEKNIK NEGERI BANDUNG', '-', 'Teknik Elektro', 2017, 'annisan808@gmail.com', '85846617640', ''),
(753, 'Politeknik Piksi Ganesha', 'Kesehatan', 'Informatika Rekam Medis', 2014, 'yulianariska28@gmail.com', '85871677322', ''),
(754, 'UNISBA', 'Teknik', 'Planologi', 2014, 'yudhiriady@gmail.com', '8114496456', ''),
(755, 'UNIVERSITAS PASUNDAN', 'Fakultas teknik', 'Teknologi pangan', 2014, 'fikaarinisabila@gmail.com', '85720638594', ''),
(756, 'UNIVERSITAS PASUNDAN', 'Fakultas teknik', 'Teknologi pangan', 2017, 'fainayanoorf14@gmail.com', '81398142802', ''),
(757, 'UNIVERSITAS KOMPUTER INDONESIA', 'Desain', 'Desain Komunikasi Visual', 2017, 'abidzarfarhan14@gmail.com', '', ''),
(758, 'UNIVERSITAS ISLAM NUSANTARA', 'Keguruan dan Ilmu Pendidikan', 'Pendidikan Matematika', 2012, 'yetinure@gmail.com', '89662987704', ''),
(759, 'INSTITUT TEKNOLOGI NASIONAL', 'Teknik Industri', 'Teknik Kimia', 2015, 'hasan_abdurosyid@ymail.com', '81214258968', ''),
(760, 'LPKIA', 'Teknik', 'Teknik informatika', 2016, NULL, '089657143278', ''),
(761, 'UNIVERSITAS PASUNDAN', 'Fisip', 'Humad', 2017, 'redawaritsunal@gmail.com', '081494249515', ''),
(762, '', '', '', 0000, NULL, '', ''),
(763, 'POLITEKNIK NEGERI BANDUNG', 'Administrasi Niaga', 'Administrasi Bisnis', 2017, 'wiedandashinta@gmail.com', '081904089326', ''),
(764, 'UNIVERSITAS WINAYA MUKTI', 'GEODESI', 'TEKNIK GEODESI', 2016, 'Ahmadriffai1995@gmail.com', '085280109090', ''),
(765, 'UNIVERSITAS SANGGA BUANA', 'Teknik', 'Teknik Sipil', 2017, 'muhammad.ikhwan189@gmail.com', '089690969934', ''),
(766, 'AKADEMI GEOLOGI DAN PERTAMBANGAN', 'Teknik', 'Pertambangan Mineral', 2017, 'raditiarimba@gmail.com', '087772593256', ''),
(767, 'SEKOLAH TINGGI ANALIS BAKTI ASIH BANDUNG', 'Kimia', 'Analis Kimia', 2016, 'fitrinoorbilqia@ymail.com', '081563194556', ''),
(768, 'UNIVERSITAS KOMPUTER INDONESIA', 'Teknik dan Ilmu Komputer', 'Teknik Elektro', 2015, 'derydone57@gmail.com', '083122691738', ''),
(769, 'UNIVERSITAS PASUNDAN', 'Fakultas Keguruan dan Ilmu Pendidikan', 'Pendidikan Guru Sekolah Dasar', 2014, 'linanurawalin99@gmail.com', '083821918915', ''),
(770, 'STIE EKUITAS', 'Ekonomi', 'D3 Akutansi', 2017, 'almahasanah33@gmail.com', '08157165768', ''),
(771, 'UNIVERSITAS PENDIDIKAN INDONESIA', 'Pendidikan Teknologi dan Kejuruan', 'Pendidikan Teknologi Argo Industri', 2017, 'zettaniken@yahoo.com', '081324721496', ''),
(772, 'POLITEKNIK SEKOLAH TINGGI TEKNOLOGI TEKSTIL BANDUNG', 'KT', 'KT', 2015, 'Menurhasan@gmail.com', '089650048702', ''),
(773, 'LPKIA', 'Menejemen informatika', 'Multimedia & Desain Grafis', 2015, 'Arifmaiden4@gmail.com', '81220786845', ''),
(774, 'UNIVERSITAS ISLAM NEGERI SUNAN GUNUNG DJATI BANDUNG', 'dakwah dan komunikasi', 'jurnalistik', 2016, 'cindyadellia98@gmail.com', '85852481043', ''),
(775, 'UNIVERSITAS ISLAM NEGERI SUNAN GUNUNG DJATI BANDUNG', 'fisip', 'administrasi publik', 2014, NULL, '', ''),
(776, 'UNIVERSITAS ISLAM NEGERI SUNAN GUNUNG DJATI BANDUNG', 'FISIP', 'Administrasi negara', 2016, NULL, '', ''),
(777, 'UNISBA', 'Teknik', 'Perencanaan Wilayah dan Kota', 2016, 'salsadarautama@gmail.com', '89504431375', ''),
(778, 'UNIVERSITAS ISLAM NEGERI SUNAN GUNUNG DJATI BANDUNG', 'Sains dan teknologi', 'Agroteknologi', 2015, 'hasnamarhama3@gmail.com', '83820417003', ''),
(779, 'UNIVERSITAS ISLAM NEGERI SUNAN GUNUNG DJATI BANDUNG', 'Psikologi', 'Psikologi', 2015, 'rosianawati99@hotmail.com', '85956701049', ''),
(780, 'UNIVERSITAS ISLAM NEGERI SUNAN GUNUNG DJATI BANDUNG', 'Sains dan teknologi', 'Matematika', 2014, 'lilisnurjanah354@gmail.com', '85722922861', ''),
(781, 'UNIVERSITAS KOMPUTER INDONESIA', 'ekonomi dan bisnis', 'akuntansi', 2016, 'ideamujhida@gmail.com', '85326819614', ''),
(782, 'UNPAD', 'Ilmu Sosial dan Ilmu Politik', 'Administrasi Publik', 2015, NULL, '087825768487 / 083821067908', ''),
(783, 'UNIVERSITAS PENDIDIKAN INDONESIA', 'Fakultas Pendidikan Matematika dan Ilmu Pengetahuan Alam', 'Ilmu Komputer', 2015, NULL, '85956548309', ''),
(784, 'UNIVERSITAS KOMPUTER INDONESIA', 'EKONOMI DAN BISNIS', 'AKUNTANSI', 2016, 'shaffitri6@gmail.com', '85725832598', ''),
(785, 'LPKIA', '', 'Komputer dan Adnimistrasi Bisnis', 2017, NULL, '08992894896', ''),
(786, 'UNIVERSITAS KOMPUTER INDONESIA', '', '', 0000, NULL, '', ''),
(787, 'UNIVERSITAS PENDIDIKAN INDONESIA', 'Fakultas Ilmu Pendidikan', 'Pendidikan Guru Pendidikan Anak Usia Dini', 2017, 'sintameilinda39@gmail.com', '82214836018', ''),
(788, '', '', '', 0000, 'AthiSupriati@gmail.com', '85721954909', ''),
(789, 'UNIVERSITAS ISLAM NEGERI SUNAN GUNUNG DJATI BANDUNG', 'tarbiyah dan keguruan', 'Pendidikan Bahasa Inggris', 2017, NULL, '', ''),
(790, 'UNIVERSITAS ISLAM NEGERI SUNAN GUNUNG DJATI BANDUNG', 'Dakwah dan komunikasi', 'Bimbingan Konseling Islam', 2017, 'tesyanh19@gmail.com', '085321571858', ''),
(791, '', '', '', 0000, NULL, '', ''),
(792, 'SEKOLAH TINGGI FARMASI BANDUNG', 'Farmasi', 'Farmasi', 2015, NULL, '88218176745', ''),
(793, 'UNIVERSITAS ISLAM NEGERI SUNAN GUNUNG DJATI BANDUNG', 'Adab dan Humanora', 'sastra inggris', 2013, NULL, '', ''),
(794, 'UNIVERSITAS ISLAM NEGERI SUNAN GUNUNG DJATI BANDUNG', 'Keguruan', 'Pendidikan Bahasa Inggris', 2016, 'ginarazkia@gmail.com', '081220895404', ''),
(795, 'UNIVERSITAS ISLAM NEGERI SUNAN GUNUNG DJATI BANDUNG', 'Ilmu Sosial dan Politik', 'Administrasi politik', 2013, NULL, '', ''),
(796, 'UNIVERSITAS ISLAM NEGERI SUNAN GUNUNG DJATI BANDUNG', 'Adab dan Humaniora', 'Sastra Inggris', 2016, NULL, '82310696763', ''),
(797, 'UNIVERSITAS ISLAM NEGERI SUNAN GUNUNG DJATI BANDUNG', 'Sains dan teknologi', 'Teknik Informatika', 2014, 'Sulaimansyahjamal@gmail.com', '85794309431', ''),
(798, 'UNIVERSITAS ISLAM NEGERI SUNAN GUNUNG DJATI BANDUNG', 'Sains dan Teknologi', 'Teknik Informatika', 2014, 'Afandia0909@gmail.com', '85603129546', ''),
(799, 'UNIVERSITAS ISLAM NEGERI SUNAN GUNUNG DJATI BANDUNG', 'Fakultas Ilmu Sosial dan Ilmu Politik', 'Administrasi Publik', 2014, 'ainunallisalaily@gmail.com', '85718965215', ''),
(800, 'UNIVERSITAS ISLAM NEGERI SUNAN GUNUNG DJATI BANDUNG', 'Saintek', 'Teknik Elektro', 2017, 'aditbe21@gmail.com', '85795864989', ''),
(801, '', '', '', 0000, NULL, '', ''),
(802, '', '', '', 0000, NULL, '', ''),
(803, 'LPKIA', '', 'Komputer dan Adnimistrasi Bisnis', 2017, NULL, '', ''),
(804, '', '', '', 0000, NULL, '', ''),
(805, '', '', '', 0000, NULL, '', ''),
(806, '', '', '', 0000, NULL, '', ''),
(807, '', '', '', 0000, NULL, '', ''),
(808, '', '', '', 0000, NULL, '', ''),
(809, 'UNIVERSITAS PENDIDIKAN INDONESIA', 'FIP/KAMPUS DAERAH', 'PG PAUD', 2017, 'adellafikri@gmail.com', '081807797837', ''),
(810, 'INSTITUT TEKNOLOGI NASIONAL', 'teknik industri', 'teknik elektro', 2012, 'abashdidiqi@gmail.com', '082114420763', ''),
(811, 'UNIVERSITAS ISLAM NEGERI SUNAN GUNUNG DJATI BANDUNG', 'Tarbiyah dan keguruan', 'pendidikan fisika', 2016, NULL, '', ''),
(812, 'STIE EKUITAS', '', 'd3 keuangan perbankan', 2017, 'adillaalvii@gmail.com', '089670515850', ''),
(813, 'STT MANDALA', 'Teknik', 'Teknik Mesin', 2015, 'denimahmudin774@gmail.com', '089962104356/083825476870', ''),
(814, 'UNIVERSITAS PENDIDIKAN INDONESIA', 'Pendidikan Teknologi dan Kejuruan', 'Pendidikan Teknologi Agroindustri', 2017, 'fannysrizkia@yahoo.com', '08798639478', ''),
(815, 'TELKOM UNIVERSITY', 'Teknik', 'Teknik Elektro', 2017, 'm.alfian2009@yahoo.com', '085860749754', ''),
(816, '', '', '', 0000, NULL, '', ''),
(817, '', '', '', 0000, NULL, '', ''),
(818, '', '', '', 0000, NULL, '', ''),
(819, '', '', '', 0000, NULL, '', ''),
(820, '', '', '', 0000, NULL, '', ''),
(821, 'UNIVERSITAS ISLAM NUSANTARA', 'Fakultas Keguruan dan Ilmu Pendidikan', 'Pendidikan Luar Biasa', 2014, 'iin.amalina@yahoo.com', '89660607359', ''),
(822, 'Politeknik Piksi Ganesha', '', 'Manajemen Informatika', 2014, NULL, '', ''),
(823, 'INSTITUT TEKNOLOGI NASIONAL', 'Fakultas Teknik Industri', 'Teknik Industri', 2015, 'syifazahida13@gmail.com', '89534686813', ''),
(824, 'TELKOM UNIVERSITY', 'Ilmu Terapan', 'Perhotelan', 2017, 'hannanurcahya@gmail.com', '87738137808', ''),
(825, 'STAI - Shalahuddin al-ayyubi', '', 'Pendidikan Agama Islam', 2013, 'ahmadfahri92@gmail.com', '85645672721', ''),
(826, 'INSTITUT TEKNOLOGI NASIONAL', 'Fakultas Teknik Sipil dan Perencanaan', 'Teknik Arsitektur', 2015, 'nater354@gmail.com', '85797993851', ''),
(827, 'UNIVERSITAS PENDIDIKAN INDONESIA', 'FPMIPA', 'Pendidikan Fisika', 2015, 'regianadewi@gmail.com', '8970349364', ''),
(828, 'TELKOM UNIVERSITY', 'Industri Kreatif', 'Desain Interior', 2016, 'nurafnisyifaa@yahoo.co.id', '85778199442', ''),
(829, 'UNIVERSITAS PENDIDIKAN INDONESIA', 'FPMIPA', 'Ilmu Komputer', 2016, 'yahyafirdaus354@gmail.com', '8953457775', ''),
(830, 'UNIVERSITAS PARAHYANGAN', 'Ilmu Sosial dan Politik', 'Ilmu Administrasi Publik', 2016, 'karinzay@yahoo.com', '81321189309', ''),
(831, 'UNIVERSITAS TERBUKA', 'Hukum Ilmu Sosial dan Ilmu Politik', 'Komunikasi', 2017, 'maulanasanz48@gmail.com', '87821915907', ''),
(832, 'UNIVERSITAS PENDIDIKAN INDONESIA', 'FPTK', 'Pendidikan Teknik Bangunan', 2017, 'hasbidwam@gmail.com', '895375531120', ''),
(833, 'INSTITUT SENI BUDAYA INDONESIA', 'Fakultas Seni Rupa dan Desain', 'Tata rias dan Busana', 2017, 'aliviarisda07@gmail.com', '8981953674', ''),
(834, 'LPKIA', 'Administrasi Bisnis', 'Komputerisasi Administrasi Bisnis', 2015, 'lailitanuralia10@gmail.com', '85721959069', ''),
(835, 'Politeknik Piksi Ganesha', 'Kesehatan ', 'Manajemen Rumah Sakit ', 2016, 'whiteejasmine@yahoo.com ', '81363306624', ''),
(836, 'STIKES Bhakti Kencana Bandung', '', 'Keperawatan', 2014, 'rizkyfaaauzi@gmail.com', '85624450388', ''),
(837, 'SEKOLAH TINGGI KESEJAHTERAAN SOSIAL KEMENTRIAN SOSIAL', '', 'Kesejahteraan Sosial', 2015, 'shafiraaghnia@gmail.com', '8986905006', ''),
(838, 'SEKOLAH TINGGI PARIWISATA BANDUNG', 'Perhotelan', 'Pastry', 2015, NULL, '81223541770', ''),
(839, 'UNIVERSITAS JENDERAL ACHMAD YANI ,Cimahi', 'Teknik', 'Teknik Metalurgi', 2016, 'asadullahmaulana@gmail.com', '85713515545', ''),
(840, 'UNIVERSITAS MUHAMMADIYAH BANDUNG', 'Teknik Informatika', 'Teknik Informatika', 2017, 'bagusryan114@gmail.com', '8984332045', ''),
(841, 'UNIVERSITAS JENDERAL ACHMAD YANI ,Cimahi', 'Teknik', 'Metal', 2014, 'rizkaufiant@gmail.com', '81321188683', ''),
(842, 'SEKOLAH TINGGI HUKUM BANDUNG', 'Hukum', 'Hukum', 2015, 'riantiastari@gmail.com', '85864-53-1411', ''),
(843, 'UNIVERSITAS PASUNDAN', 'fakultas ilmu sosial dan politik', 'ilmu komunikasi', 2015, 'rizkidaraku@gmail.com', '81223-25-9494', ''),
(844, '', '', '', 0000, NULL, '', ''),
(845, 'UNISBA', 'Psikologi', 'Psikologi', 2015, 'mesayunurizka@gmail.com', '85759-38-9187', ''),
(846, 'UNIVERSITAS PENDIDIKAN INDONESIA', 'Teknik Sipil', 'FPTK', 2014, 'royhanr@gmail.com', '83820-03-1112', ''),
(847, 'Politeknik Kesehatan Kemenkes Bandung', 'Keperawatan', 'Keperawatan gigi', 2016, 'shelafandini@gmail.com', '8891-40-6079', ''),
(848, 'STIE Pasundan Bandung', 'Ekonomi', 'Manajemen Bisnis', 2015, 'nurhasan313@gmail.com', '89697-63-7354', ''),
(849, 'UNIVERSITAS WIDYATAMA', 'Ekonomi', 'Manajemen Bisnis', 2016, 'akmalhizballoh@gmail.com', '89655-08-5999', ''),
(850, 'UNIVERSITAS BINA SARANA INFORMATIKA', 'Teknik', 'Teknik Informatika', 2015, NULL, '089514215446/081322360269', ''),
(851, '', '', '', 0000, NULL, '', ''),
(852, 'UNIVERSITAS LANGLANG BUANA', 'Teknik', 'Arsitektur', 2017, 'ichsanhasbi1@gmail.com', '', ''),
(853, 'UNIVERSITAS WIDYATAMA', 'Teknik', 'Teknik Informasi', 2015, 'muhammad.ridhwan@widyatama.co.id', '81316-69-7364', ''),
(854, '', '', '', 0000, NULL, '', ''),
(855, 'universitas wanita internasional', 'Seni dan Desain', 'DKV', 2014, 'bobiishak96@gmail.com', '82318-40-2603', ''),
(856, 'UNPAD', 'Ekonomi', 'Manajemen', 2013, 'arielarviano@gmail.com', '8112-23-1420', ''),
(857, 'UNIVERSITAS WIDYATAMA', 'Teknik', 'Teknik Informatika', 2013, 'penemunya@gmail.com', '81221-89-7345', ''),
(858, 'UNIVERSITAS PENDIDIKAN INDONESIA', 'Pendidikan Bahasa dan Sastra', 'Pend. Bahasa Korea', 2016, 'Fitrikn22@gmail.com', '81224-32-8530', ''),
(859, 'POLITEKNIK NEGERI BANDUNG', '', 'Akuntansi', 2016, 'nurhasanahtyass@gmail.com', '8567-25-7542', ''),
(860, '', '', '', 0000, NULL, '', ''),
(861, 'Politeknik Piksi Ganesha', 'Informatika', 'Management Informatika', 2014, 'ifarumsari@gmail.com', '81572-48-3722', ''),
(862, 'SEKOLAH TINGGI FARMASI BANDUNG', 'Farmasi', 'Farmasi', 2014, 'fuziroyani@gmail.com', '85974-11-1451', ''),
(863, 'SEKOLAH TINGGI FARMASI BANDUNG', 'Farmasi', 'Farmasi', 2015, 'rezqitaimania121098@gmail.com', '85704-48-2431', ''),
(864, 'UNIVERSITAS ISLAM NUSANTARA', '', '', 0000, NULL, '', ''),
(865, 'INSTITUT TEKNOLOGI NASIONAL', 'Teknik', 'Teknik Sipil', 0000, NULL, '', ''),
(866, 'UNIVERSITAS KOMPUTER INDONESIA', 'Ilmu Sosial & Ilmu Politik', 'Ilmu Komunikasi', 2014, 'anggifahmimaulana@gmail.com', '85871-33-8036', ''),
(867, 'UNIVERSITAS WIDYATAMA', 'Teknik', 'Teknik Informatika', 2013, NULL, '', ''),
(868, 'STIE Pasundan Bandung', 'Ekonomi', 'Akuntansi', 2017, 'rahmadinauriya@gmail.com', '83822-57-5575', ''),
(869, 'Politeknik Piksi Ganesha', 'Kesehatan', 'Rekam Medis', 2017, 'azkaauliadini6@gmail.com', '85721-55-4213', ''),
(870, 'UNIVERSITAS BINA SARANA INFORMATIKA', 'Keperawatan', 'Keperawatan', 2015, 'hanifismalloh@gmail.com', '85974-73-2824', ''),
(871, 'UNIVERSITAS PENDIDIKAN INDONESIA', 'Ilm Pendidikan', 'Kurikulum dan Teknologi Pendidikan', 2016, 'fahmimuslim@student.upi.edu', '81290-21-4491', ''),
(872, 'Politeknik Piksi Ganesha', 'Kesehatan', 'Rekam Medis dan Informasi Kesehatan', 2014, 'riftinurul@gmail.com', '81546-74-7612', ''),
(873, 'Institut Teknologi Bandung', 'Sekolah Arsitektur, Perencanaan dan Pengembangan Kebijakan', 'Teknik Planologi', 2016, 'arientaniadisya@yahoo.com', '08952009429', ''),
(874, 'UNIVERSITAS LANGLANG BUANA', 'Teknik', 'Teknik Informatika', 2017, 'fakhri.nashrudin@gmail.com', '08982238968', ''),
(875, '', '', '', 0000, NULL, '', ''),
(876, 'INSTITUT TEKNOLOGI NASIONAL', 'Teknik Sipil dan Perencanaan', 'Arsitektur', 2015, 'andiani014@gmail.com', '089655603581', ''),
(877, 'STIE TRIDHARMA BANDUNG', 'Ekonomi', 'Akuntansi', 2015, 'jihanauliatecha@gmail.com', '0895327030747', ''),
(878, 'STIE TRIDHARMA BANDUNG', 'Ekonomi', 'Akuntansi', 2015, 'rizqyauliatecha1@gmail.com', '089664303396', ''),
(879, 'Yayasan Budikarya Mandiri', 'Vokasi/Teknik', 'Geomatika', 2017, 'ardifarel.n@gmail.com', '089502067844', ''),
(880, 'INSTITUT TEKNOLOGI NASIONAL', 'Teknik Industri', 'Teknik Kimia', 2016, 'aszahrakrmhh@gmail.com', '085724991384', ''),
(881, 'UNIVERSITAS KOMPUTER INDONESIA', 'Desain', 'Desain Komunikasi Visual', 2016, NULL, '0895371981410', ''),
(882, 'Politeknik Al-Islam Bandung', '-', 'Radiodiagnosa dan Radioterapi', 2017, 'rimasepti2017@gmail.com', '089529843401', ''),
(883, 'Universitas Telkom', 'Rekayasa Industri', 'Teknik Industri', 2014, 'latiefsetiawan@gmail.com', '082240118200', ''),
(884, 'Ma\'had Al-Imarot', '-', 'Bahasa Arab', 2016, 'adila.354elite@gmail.com', '085721333095', ''),
(885, 'UNIVERSITAS ISLAM NEGERI SUNAN GUNUNG DJATI BANDUNG', 'Sains dan Teknologi', 'Agroteknologi', 2014, 'fantyanahuwaida@gmail.com', '08387167949', ''),
(886, '', '', '', 0000, NULL, '', ''),
(887, 'INSTITUT TEKNOLOGI NASIONAL', 'Teknik', 'Teknik Industri', 2013, NULL, '082117288882', ''),
(888, 'Universitas Telkom', 'Komunikasi dan Bisnis', 'Administrasi Bisnis', 2014, 'dynabilkistinur@gmail.com', '081313597935', ''),
(889, 'SEKOLAH TINGGI FARMASI BANDUNG', '-', 'Farmasi', 2016, 'pricellafadhila@gmail.com', '082295918781', ''),
(890, 'INSTITUT TEKNOLOGI NASIONAL', 'Teknik Sipil dan Perencanaan', 'Teknik Lingkungan', 2017, 'rimba.fauzan@gmail.com', '081910091271', ''),
(891, 'Akademi Tataboga Bandung', 'Tataboga', 'Pastry', 2017, 'ulafathin@gmail.com', '083822414001', ''),
(892, 'UNPAD', 'Psikologi', 'Psikologi', 2015, 'Wildanfirdaus0428@gmail.com', '085386277352', ''),
(893, 'UNIVERSITAS PASUNDAN', 'FISIP', 'Ilmu komunikasi', 2014, 'Nadyaferanis@gmail.com', '82118711733', ''),
(894, 'UNIVERSITAS PASUNDAN', 'FISIP', 'Ilmu Komunikasi', 2017, 'Mazayaaulia28@gmail.com', '82277810397', ''),
(895, 'UNIVERSITAS PASUNDAN', 'FISIP', 'Ilmu Komunikasi', 2017, 'sitifebyanti6@gmail.com', '', ''),
(896, 'UNIVERSITAS ISLAM NEGERI SUNAN GUNUNG DJATI BANDUNG', 'FISIP', 'Administrasi Ppublik', 2017, 'izza_indah@ymail.com', '85232651519', ''),
(897, 'UNIVERSITAS ISLAM NEGERI SUNAN GUNUNG DJATI BANDUNG', 'Sains dan Teknologi', 'Fisika', 2014, 'novysintha@gmail.com', '85659974029', ''),
(898, 'UNPAD', 'Ilmu Keperawatan', 'Ilmu Keperawatan', 2017, NULL, '', ''),
(899, 'Politeknik Piksi Ganesha', 'Informatika', 'Manajemen Informatika', 2015, NULL, '81321327300', ''),
(900, 'UNPAD', 'Ilmu Komunikasi', 'Ilmu Perpustakaan', 2013, NULL, '85794935229', ''),
(901, 'UNPAD', 'Pertanian', 'Agroteknologi', 2015, NULL, '', ''),
(902, 'UNIVERSITAS JENDERAL ACHMAD YANI ,Cimahi', ' TEKNIK', ' Teknik Elektro', 0000, NULL, '85793475748', ''),
(903, 'UNPAD', ' Ekonomi dan Bisnis', ' Ekonomi Syariah', 2017, NULL, '', ''),
(904, 'UNIVERSITAS LANGLANG BUANA', 'TEKNIK', 'Teknik Sipil', 0000, NULL, '', ''),
(905, 'LPKIA', ' Sistem Informasi', 'Manajemen Informatika (S1)', 2017, NULL, '', ''),
(906, 'POLITEKNIK SEKOLAH TINGGI TEKNOLOGI TEKSTIL BANDUNG', 'Tekstil', 'Teknik Tekstil', 2014, '13091996aththaariq@gmail.com', '089656338335', ''),
(907, 'SEKOLAH TINGGI FARMASI BANDUNG', '', 'Profesi Apoteker ', 2017, 'idalailihasanah26@gmail.com', '089638495244', ''),
(908, 'UNIVERSITAS WIDYATAMA', 'Fakultas Ekonomi', 'Akuntansi', 2016, NULL, '085351033254', ''),
(909, 'Amik - Stibank Al-Masoem. ', '', 'Sistem Informasi D3', 2017, 'fadlilahrivaldi3135@gmail.com', '62895347192659', ''),
(910, 'IKOPIN', 'ekonomi', 'manajemen', 2016, 'adiharja0851@gmail.com', '81321350122', ''),
(911, 'STIE Bina Muda', 'Perbankan  ', 'perbankan syariah', 2017, 'saepudinasep615@gmail.com', '83822113798', ''),
(912, 'UNIVERSITAS ISLAM NEGERI SUNAN GUNUNG DJATI BANDUNG', 'adab dan humaniora', 'sastra inggris', 2016, 'bimazaynmujahid@gmail.com', '85720151015', ''),
(913, 'UNIVERSITAS ISLAM NEGERI SUNAN GUNUNG DJATI BANDUNG', 'Ilmu Sosial dan Ilmu Politik', 'Administrasi Publik', 2014, 'dwinurini11@gmail.com', '88809402691', ''),
(914, 'UNPAD', 'ilmu peternakan', 'peternakan', 2013, 'echis354@gmail.com', '82308390766', ''),
(915, 'UNIVERSITAS ISLAM NEGERI SUNAN GUNUNG DJATI BANDUNG', 'Adab dan Humaniora', 'Bahasa dan Sastra Inggris', 2015, 'ekajayantin@gmail.com', '85720969070', ''),
(916, 'LPKIA', 'Manajemen Informatika', 'Multimedia & Desain Grafis', 2016, 'ganinurha@gmail.com', '85374346644', ''),
(917, 'UNPAD', 'Ekonomi Bisnis', 'Ilmu Ekonomi', 2014, 'inggrid.suastika17@gmail.com', '81573069143', ''),
(918, 'AMIK-STIBANKS AL-MASOEM', 'perbankan syariah', 'perbankan syariah', 2014, 'novita_lulu@yahoo.com', '89629980372', ''),
(919, 'UT Bandung', 'Ilmu Sosial dan Ilmu Politik', 'Administrasi Bisnis', 2016, 'miyyinqurrota@gmail.com', '89625830982', ''),
(920, 'AMIK-STIBANKS AL-MASOEM', 'STIBANKS AL-MASOEM', 'Perbankan Syariah', 2017, 'mohsabna_a187@yahoo.com', '83136781459', ''),
(921, 'Universitas Bale Bandung', 'Keguruan dan Ilmu Pendidikan', 'Pendidikan Geografi', 2014, 'nurrizkaf01@gmail.com', '82320354722', ''),
(922, 'Dharma Negara Business and Informatics School', 'STMIK', 'Manajemen Informatika', 2016, 'nurwita.widyastuti@gmail.com', '82240986875', ''),
(923, 'UNIVERSITAS PENDIDIKAN INDONESIA', 'Sekolah Pasca Sarjana', 'PGSD', 2015, 'mohamadpanji@student.upi.edu', '85775607133', ''),
(924, 'ATB', 'pastry', 'pastry', 2015, 'luhrynt@gmail.com', '085389210944', ''),
(925, 'IKOPIN', 'MSDM', 'Manajemen Komunikasi Bisnis', 2013, 'alfinakhoirunisa15@gmail.com', '085220848117', ''),
(926, 'IKOPIN', 'Menejemen', 'menejemen', 2015, 'arinanurfadh@gmail.com', '089655288322', ''),
(927, 'IKOPIN', 'Manajemen', 'S1-manajemen', 2016, 'dinirizka01@gmail.com', '085741409881', ''),
(928, 'IKOPIN', 'managemen', 'managemen', 2015, 'soniavinaaulia@gmail.com', '085264120434', ''),
(929, 'IKOPIN', 'ekonomi', 'menejemen', 2016, 'vickyauliafaza@gmail.com', '081218893454', ''),
(930, 'IKOPIN', 'manajemen', 'manajemen', 2016, 'dibyanarasri@gmail.com', '089668448825', ''),
(931, 'IKOPIN', 'Manajemen', 'Manajemen Bisnis', 2013, NULL, '', ''),
(932, 'Institut Teknologi Bandung', 'Teknik sipil dan lingkungan', 'rekayasa infrastruktur lingkungan', 2015, 'sitiyusriani85@gmail.com', '081221405058', ''),
(933, 'INSTITUT TEKNOLOGI NASIONAL', 'teknik industri', 'teknik mesin', 2016, NULL, '082318836160', ''),
(934, 'INSTITUT TEKNOLOGI NASIONAL', 'Teknik industri', 'Elektro', 2014, NULL, '', ''),
(935, 'Sekolah Tinggi Agama Islam Salahuddin Al-Ayyubi jakarta', 'Pendidikan', 'Pendidikan agama islam', 2013, NULL, '', ''),
(936, 'SEKOLAH TINGGI FARMASI BANDUNG', 'FARMASI', 'farmasi', 2013, 'sanisholi@gmail.com', '085389130073', ''),
(937, 'UNIVERSITAS ISLAM NEGERI SUNAN GUNUNG DJATI BANDUNG', 'Komunikasi', 'jurnalistik', 2015, 'diahayumarantika@gmail.com', '089669060268', ''),
(938, 'UNIVERSITAS ISLAM NEGERI SUNAN GUNUNG DJATI BANDUNG', 'keguruan', 'pendidikan kimia', 2014, 'restiayumawan@gmail.com', '0857703048635', ''),
(939, 'UNIVERSITAS ISLAM NEGERI SUNAN GUNUNG DJATI BANDUNG', 'Tarbiyah dan keguruan', 'Pendidikan Matematika', 2013, 'sofierodhiah10@gmail.com', '085365620821', ''),
(940, 'UNISBA', 'Fakultas Ilmu Komunikasi', 'Manajemen Komunikasi', 2014, NULL, '', ''),
(941, 'UNIVERSITAS ISLAM NEGERI SUNAN GUNUNG DJATI BANDUNG', 'DAKWAH DAN ILMU KOMUNIKASI', 'JURNALISTIK', 2016, 'mr.fadela@gmail.com', '089694547268', ''),
(942, 'UNPAD', 'Ilmu Sosial dan Ilmu Politik', 'Kesejahteraan Sosial', 2013, 'abu.dohir.fakih@gmail.com', '089657160455', ''),
(943, 'UNPAD', 'Pertanian', 'Agroteknologi', 2016, NULL, '', ''),
(944, 'UNPAD', 'Fakultas matematika dan ilmu pengetahuan alam', 'Geofisika', 2016, 'fierhan@yahoo.com', '085353766322', ''),
(945, 'UNPAD', 'Fakultas Perikanan dan Ilmu Kelautan', 'Ilmu Kelautan', 2016, 'prakosojokam@gmail.com', '', ''),
(946, 'UNPAD', 'Peternakan', 'Ilmu Peternakan', 2014, ' ibrahimsurya13@gmail.com', '083899373130', ''),
(947, 'UNPAD', 'Fakultas Kedokteran Gigi', 'Pendidikan Dokter Gigi', 2016, 'anggitstiqomah@gmail.com', '085691770096', ''),
(948, 'UNPAD', 'kedokteran', 'kebidanan', 2016, NULL, '', ''),
(949, 'UNPAD', 'Pertanian', 'Agroteknologi', 2014, 'indahoss@gmail.com', '085281071313', ''),
(950, 'UNPAD', 'Matematika dan Ilmu Pengetahuan Alam', 'KIMIA', 2016, 'lestari.nabila13@gmail.com', '08976639644', ''),
(951, 'UNPAD', 'Farmasi', 'farmasi', 2012, NULL, '', ''),
(952, 'UNPAD', 'Ilmu Sosial dan Ilmu Politik', 'Administrasi Pemerintahan', 2016, 'taizhnf99@gmail.com', '085864594607', ''),
(953, 'UNPAD', 'Ilmu Komunikasi', 'Hubungan Masyarakat', 2016, NULL, '', ''),
(954, 'UNPAD', 'FMIPA', 'Fisika', 2014, 'Banicagak@gmail.com', '082215294717', ''),
(955, 'UNPAD', 'Kedokteran', 'Pendidikan dokter umum', 2015, 'muhammad.afan301998@gmail.com', '081225904791', ''),
(956, 'UNPAD', 'paferta', 'Agroteknologi', 2015, 'muhammadrava18@gmail.com', '085722497535', ''),
(957, 'UNPAD', 'Ilmu komunikasi', 'Ilmu Informasi dan Perpustakaan', 2015, 'aprindazm.13@gmail.com', '08966179619', ''),
(958, 'UNPAD', 'FTIP', 'Teknologi Industri Pertanian', 2015, 'dheaamanda42@gmail.com', '081572812342', ''),
(959, 'UNPAD', 'Fakultas Pertanian', 'Agroteknologi', 2015, 'agustindita666@gmail.com', '082128625832', ''),
(960, 'UNPAD', 'Psikologi', 'Psikologi', 2015, 'aisdana4546@gmail.com', '087804809443', ''),
(961, 'UNPAD', 'FIP', 'Sastra Inggris', 2014, 'fathiaseptiani@gmail.com', '082214467285', ''),
(962, 'UNPAD', 'Keperawatan', 'Keperawatan', 2015, 'fatimahkhoirunnisa.icha@gmail.com', '087873805856', ''),
(963, 'UNPAD', 'Peternakan', 'Peternakan', 2015, 'fitanurhania@gmail.com', '089647944959', ''),
(964, 'UNPAD', 'Ilmu Budaya', 'Bahasa dan Budaya Tiongkok', 2016, 'fitrifairuza@gmail.com', '085311963131', ''),
(965, 'UNPAD', 'Ilmu Budaya', 'Sastra Inggris', 2016, 'ghaisany.bsh@gmail.com', '081313594608', ''),
(966, 'UNPAD', 'Fakultas Ilmu Budaya', 'Sastra Sunda', 2014, 'karinaaudia57@gmail.com', '085720601137', ''),
(967, 'UNPAD', 'Farmasi', 'Farmasi', 2015, 'luthfi.utamis@gmail.com', '082121110354', ''),
(968, 'UNPAD', 'Keperawatan', 'keperawatan', 2014, 'nendenayurianti0608@gmail.com', '081573021816', ''),
(969, 'UNPAD', 'Psikologi', 'Psikologi', 2015, NULL, '', ''),
(970, 'UNPAD', 'Ilmu Budaya', 'sastra indonesia', 2016, 'amalinanrl@gmail.com', '087827734295', ''),
(971, 'UNPAD', 'Ilmu Budaya', 'Sastra Inggris', 2015, 'nurulffebrianti@gmail.com', '0896601202642', ''),
(972, 'UNPAD', 'Pertanian', 'agro teknologi', 2016, 'refeeda22@gmail.com', '085882529357', ''),
(973, 'UNPAD', 'Pertanian', 'Agro teknologi', 2015, 'andrianirzk@gmail.com', '085871659870', ''),
(974, 'UNPAD', 'Pendidikan Dokter Gigi', 'Kedokteran Gigi', 2016, 'aulya.khrns@gmail.com', '085860164717', ''),
(975, 'UNPAD', 'teknologi industri pertanian', 'teknologi industri pertanian', 2016, 'yhdvn04@gmail.com', '08994066400', ''),
(976, 'UNPAD', 'FMIPA', 'Biologi', 2015, 'zulfiakamilamutia@gmail.com', '085659293313', ''),
(977, '', '', '', 0000, NULL, '', ''),
(978, 'STIE Gema Widya Bangsa', 'Ekonomi', 'Akuntansi', 2014, NULL, ' -', ''),
(979, 'LP3I', 'Ekonomi', 'Administrasi Bisnis', 2016, ' -', ' -', ''),
(980, 'UNPAD', 'FIKOM', 'Ilmu Komunikasi', 2015, ' -', '081320091074', ''),
(981, 'UNPAD', 'FPIK', 'Perikanan', 2017, 'cahyoshifaris@gmail.com', '081517747191', ''),
(982, 'IKOPIN', 'Manajemen', 'Manajemen', 0000, 'oechend@gmail.com', '081322461900', ''),
(983, '', '', '', 0000, NULL, '', ''),
(984, 'IPDN', '', '', 0000, NULL, '', ''),
(985, 'UNPAD', 'Manajemen', 'Manajemen', 2017, 'fauzanzakaria09@yahoo.com', ' 08115671933', ''),
(986, 'UNPAD', 'FIKOM', 'Hubungan Internasional', 2017, NULL, '', ''),
(987, 'UNPAD', 'FTG', 'Geologi', 2015, NULL, '', ''),
(988, 'UNPAD', 'FTG', 'Geologi', 2017, NULL, '', ''),
(989, 'UNIVERSITAS ISLAM NEGERI SUNAN GUNUNG DJATI BANDUNG', '', '', 2016, NULL, '', ''),
(990, 'UNPAD', '', '', 0000, NULL, '', ''),
(991, 'IKOPIN', 'Manajemen', 'Manajemen', 2015, 'muhammadsatriasputra@gmail.com', '082215000688', ''),
(992, 'UNIVERSITAS ISLAM NEGERI SUNAN GUNUNG DJATI BANDUNG', '', 'Agroteknologi', 2015, 'panjirahmatullah12@gmail.com', '', ''),
(993, '', '', '', 0000, NULL, '', ''),
(994, 'UNPAD', 'FTG', 'Geologi', 2016, 'takdirtoyibpolanunu@gmail.com', ' 081343105531', ''),
(995, 'UNPAD', 'FPIK', 'Perikanan', 2017, 'auzankevin9@gmail.com', '082117073942', ''),
(996, 'UNPAD', '', '', 2017, 'fadlan.salmon@gmail.com', '083174885869', ''),
(997, 'UNPAD', 'FTG', 'Geologi', 2017, NULL, '', ''),
(998, 'UNPAD', 'Farmasi', 'Keperawatan', 2017, NULL, '081228504543', ''),
(999, 'IKOPIN', 'Manajemen', 'Manajemen', 2017, 'pratamayuzril@gmail.com', '089616971954', ''),
(1000, 'UNPAD', 'FPIK', 'Ilmu Kelautan', 2017, NULL, '', ''),
(1001, 'UNIVERSITAS ISLAM NEGERI SUNAN GUNUNG DJATI BANDUNG', 'Tarbiyah dan Keguruan ', 'PGMI (Pendidikan Guru Madrasah Ibtidaiyah)', 2017, 'aulianifta5@gmail.com', '085216457343', ''),
(1002, 'UNPAD', 'FMIPA', 'Biologi', 2017, 'sasha_achmad@yahoo.com', '085694262602', ''),
(1003, 'UNPAD', 'Ilmu Budaya', 'Sastra Jerman', 2017, 'anbarnisrina98@gmail.com', '85890060098', ''),
(1004, 'UNPAD', 'Ekonomi dan Bisnis', 'Ekonomi', 2017, 'ameliaptr11@yahoo.com', '0895322574254', ''),
(1005, 'UNPAD', 'Ilmu Komunikasi', 'Ilmu Komunikasi', 2015, NULL, '', ''),
(1006, 'UNPAD', 'Ilmu Komunikasi', 'Ilmu Perpustakaan', 2015, 'annisaawidp@gmail.com', '085758195353', ''),
(1007, 'IKOPIN', 'Manajemen', 'Manajemen', 2017, 'annisaputri058@gmail.com', '0895379703614', ''),
(1008, '', '', '', 0000, NULL, '', ''),
(1009, 'UNPAD', 'Ilmu Sosial dan Ilmu Politik', 'Administrasi Publik', 2017, 'belindaalifa75@gmail.com', '089607748284', ''),
(1010, 'IKOPIN', 'manajemen', 'D3-manajemen bisnis', 2017, 'daracitradewi@gmail.com', '08987915110', ''),
(1011, 'UNPAD', 'Ilmu Sosial dan Ilmu Politik', 'Administrasi Publik', 2017, 'devnyayua@gmail.com', '089693095574', ''),
(1012, '', '', '', 0000, NULL, '', ''),
(1013, 'UNPAD', '', '', 2017, 'dindanoviaaa@gmail.com', '081295375451', ''),
(1014, 'UNPAD', 'Ilmu Komunikasi', 'Ilmu Perpustakaan', 2014, NULL, '', ''),
(1015, 'UNPAD', 'Ilmu Budaya', 'Sastra Jerman', 2014, 'ekamaliasani@gmail.com', '85793035495', ''),
(1016, 'UNPAD', 'Hukum', 'Ilmu Hukum', 2017, 'erikafdlh12@gmail.com', '087771760198', ''),
(1017, 'UNPAD', 'FTIP', 'Teknik Pangan ', 2017, 'hasnanurfaridah@gmail.com', '085721192694', ''),
(1018, 'UNPAD', 'Psikologi', 'Psikologi', 2017, 'jasminebonita11@gmail.com', '081286283254', ''),
(1019, 'UNPAD', 'Ilmu Komunikasi', 'Kehumasan', 2015, 'lnmghfra@gmail.com', '082121517751', ''),
(1020, 'UNPAD', '', '', 0000, NULL, '', ''),
(1021, '', '', '', 0000, NULL, '', ''),
(1022, 'UNPAD', 'Pertanian', 'Agribisnis', 2014, NULL, '', ''),
(1023, 'Institut Teknologi Bandung', 'SITH', 'Rekayasa Hayati', 2016, 'minartiekaputriani@gmail.com', '085200312900', ''),
(1024, '', '', '', 0000, NULL, '', ''),
(1025, 'Institut Teknologi Bandung', 'SITH', 'Teknologi pascapanen', 2015, 'nindyaerni@gmail.com', '082334949058', ''),
(1026, 'UNPAD', 'Ilmu Komunikasi', 'Ilmu Perpustakaan', 2016, 'nfknisa17@gmail.com', '083822984827', '');
INSERT INTO `tb_infopeserta` (`id`, `kampus`, `fakultas`, `jurusan`, `angkatan`, `email`, `telepon`, `teleponcadangan`) VALUES
(1027, 'UNPAD', 'Peternakan', 'Peternakan', 2016, 'rembulan.latifaini28@gmail.com', '08998489125', ''),
(1028, 'UNPAD', 'kedokteran', 'pendidikan dokter', 2017, 'renashaf@gmail.com', '81222455795', ''),
(1029, '', 'farmasi', 'farmasi', 2017, 'rezittaoh@gmail.com', '81363716900', ''),
(1030, 'Institut Teknologi Bandung', 'Teknologi Industri', 'Teknik Pangan ', 2016, 'nitariskie64@gmail.com', '', ''),
(1031, 'UNPAD', 'kedokteran', 'Kedokteran ', 2017, 'nidasahila@gmail.com', '81227607485', ''),
(1032, '', '', '', 0000, NULL, '', ''),
(1033, 'UNIVERSITAS ISLAM NEGERI SUNAN GUNUNG DJATI BANDUNG', '', 'Bimbingan dan Konseling Islam', 2017, 'salmashabrina@yahoo.com', '085797198571', ''),
(1034, 'UNPAD', 'Ilmu Komunikasi', 'Ilmu Perpustakaan', 2017, 'saviraprasastiandini@yahoo.co.id', '081381540252', ''),
(1035, 'IKOPIN', 'Manajemen', 'manajemen', 2017, 'shisikhoiriaa@yahoo.com', '081267106312', ''),
(1036, 'UNPAD', 'Ilmu Komunikasi', 'Ilmu Komunikasi', 2017, 'hasanahtasyainayah@yahoo.com', '085313264911', ''),
(1037, 'IKOPIN', 'Manajemen', 'S1-manajemen', 2017, 'yunengsihyuyun365@gmail.com', '082321025996', ''),
(1038, 'INSTITUT TEKNOLOGI NASIONAL', 'Teknik Industri', 'Elektro', 2015, 'ashofan354@gmail.com', '85603053328', ''),
(1039, 'SEKOLAH TINGGI FARMASI INDONESIA', 'Farmasi', 'Farmasi', 2016, 'ghaniaanti@gmail.com', '81220903538', ''),
(1040, 'STIE EKUITAS', 'Ekonomi', 'S1 Akuntansi', 2016, 'millati1004@gmail.com', '82214644407', ''),
(1041, 'Telkom University', 'Ekonomi', 'Management Bisnis', 2014, 'faizaarricha@yahoo.co.id', '83825523503', ''),
(1042, 'UNIVERSITAS BINA SARANA INFORMATIKA', 'Seni Rupa', 'Desain Komunikasi Visual', 2015, 'arisnagusfiani.96@gmail.com', '8996922602', ''),
(1043, 'UNISBA', 'Matematika dan Ilmu Pengetahuan Alam', 'Farmasi', 2016, 'annisameilani75@gmail.com', '8112244420', ''),
(1044, 'UNPAD', 'Ilmu Budaya', 'Sastra Sunda', 2014, 'destinygemilangputri@gmail.com', '85603053328', ''),
(1045, 'UNPAD', 'Ilmu Komunikasi', 'Televisi dan Film', 2015, 'hanifayusliha@gmail.com', '85603031297', ''),
(1046, 'UNPAD', 'Teknik Geologi', 'Geologi', 2015, 'jihadabbdurahman@yahoo.com', '81224594012', ''),
(1047, 'UNIVERSITAS PENDIDIKAN INDONESIA', 'Fakultas Ilmu ', 'Pendidikan guru sekolah dasar', 2015, 'anisasolihatt@gmail.com', '89659153550', ''),
(1048, 'UNIVERSITAS PENDIDIKAN INDONESIA', 'Pendidikan Bahasa dan Sastra', 'Sastra Inggris', 2012, 'agnasita@yahoo.com', '87749840514', ''),
(1049, 'UNIVERSITAS SANGGA BUANA', 'Ekonomi', 'Akuntansi', 2015, 'luuthfiana768@gmail.com', '85861115244', ''),
(1050, 'UNIVERSITAS WIDYATAMA', 'Bisnis dan Manajemen', 'Manajemen Bisnis', 2012, 'sandhy-muhammad@ymail.com', '82259422549', ''),
(1051, 'UNIVERSITAS PARAHYANGAN', 'Ilmu Hukum', 'Hukum', 2016, NULL, '81290788534', ''),
(1052, 'STKIP SILIWANGI', 'Fakultas Ilmu Pendidikan', 'Pendidikan Guru PAUD', 2016, 'adesilfadina@yahoo.com', '87722140699', ''),
(1053, 'UNIVERSITAS SANGGA BUANA', 'Teknik', 'Sipil', 2017, 'hudafckk@gmail.com', '83821222012', ''),
(1054, 'UNIVERSITAS SANGGA BUANA', 'Fakultas Ekonomi', 'Manajemen Bisnis', 2016, 'rohmanaputra@gmail.com', '81222447774', ''),
(1055, 'UNIVERSITAS LANGLANG BUANA', 'Fakultas hukum', 'hukum', 2017, 'agniadintam@gmail.com', '83821409876', ''),
(1056, 'Telkom University', 'Ekonomi', 'Bisnis', 2012, 'husnulroswindiaulia@gmail.com', '82115462203', ''),
(1057, 'UNPAD', 'Fakultas ilmu komunikasi', 'magister ilmu Komunikasi', 2017, 'aulianagusfiani27@gmail.com', '89509461338', ''),
(1058, 'INSTITUT TEKNOLOGI NASIONAL', 'Teknik Arsitektur', 'Arsitektur', 2017, 'allamrizaldi46@gmail.com', '81553820592', ''),
(1059, 'UNIVERSITAS ISLAM NEGERI SUNAN GUNUNG DJATI BANDUNG', 'Fakultas Ilmu Sosial dan Ilmu Politik', 'Administrasi Publik', 2014, 'fikrinur.reza@gmail.com', '87822650888', ''),
(1060, 'UNISBA', 'Teknik', 'Planologi', 2017, 'fiselaamanda@gmail.com', '85724734984', ''),
(1061, 'STIE TRIDHARMA BANDUNG', 'Manajemen', 'Manajemen', 2016, 'luluarfah09@gmail.com', '82217366436', ''),
(1062, 'Politeknik Negeri Bandung', '', 'Analis Kimia', 2015, NULL, '', ''),
(1063, 'STIKES Jendral Achmad Yani', '', 'Kesehatan Masyarakat', 2017, NULL, '', ''),
(1064, 'Universitas Pendidikan Indonesia', '', 'Pendidikan IPS', 2017, NULL, '', ''),
(1065, 'Sekolah Tinggi Hukum Bandung', '', 'Ilmu Hukum', 2015, NULL, '', ''),
(1066, 'UNSIL', '', 'Penjas', 2016, NULL, '', ''),
(1067, 'ASM Ariyanti', '', 'Manajemen Administrasi Perhotelan', 2017, NULL, '', ''),
(1068, 'STIKES Jendral Achmad Yani', '', 'Ilmu Keperawatan', 2016, NULL, '', ''),
(1069, 'Politeknik TEDC Bandung', '', 'Perpajakan', 2015, NULL, '', ''),
(1070, 'STKIP Siliwangi Bandung', '', 'Pendidikan Bahasa Inggris', 2015, 'imamfauzann13@gmail.com', '89646817038', ''),
(1071, 'ITENAS', '', 'Teknik Arsitektur', 2016, NULL, '', ''),
(1072, 'ITENAS', '', 'Teknik Kimia', 2015, NULL, '', ''),
(1073, 'Politeknik TEDC Bandung', '', 'Perpajakan', 2015, NULL, '', ''),
(1074, 'Institut Teknologi Bandung', '', 'Teknik Informatika', 2016, NULL, '', ''),
(1075, 'Institut Teknologi Bandung', '', 'Sains dan Teknologi Farmasi', 2016, NULL, '', ''),
(1076, 'Universitas Pasundan', '', 'Hukum', 2016, NULL, '', ''),
(1077, 'STIKES Jendral Achmad Yani', '', 'Ilmu Keperawatan', 2016, NULL, '', ''),
(1078, 'UNIKOM', '', 'Akuntasi', 2016, NULL, '', ''),
(1079, 'UNIBI', '', 'Psikologi', 2017, NULL, '', ''),
(1080, 'Universitas Jendral Achmad Yani', '', 'Kedokteran Gigi', 2015, NULL, '', ''),
(1081, 'Politeknik TEDC Bandung', '', 'Mekanik Otomotif', 2015, NULL, '', ''),
(1082, 'Sekolah Tinggi Teknologi Bandung', '', 'Teknik Industri', 2015, NULL, '', ''),
(1083, 'STKIP Siliwangi Bandung', '', 'Pendidikan Matematika', 2015, NULL, '', ''),
(1084, 'Univeritas Jendral Achmad Yani', '', 'Akuntasi', 2016, NULL, '', ''),
(1085, 'Universitas Pendidikan Indonesia', '', 'Manajemen Industri Katering', 2017, NULL, '', ''),
(1086, 'Universitas Nasionalpasim', '', 'Psikologi', 2016, 'Rikzamalia.ra@gmail.com', '8996841953', ''),
(1087, 'STKIP Siliwangi Bandung', '', 'PG-PAUD ', 2016, NULL, '', ''),
(1088, 'Politeknik STTT', '', 'Fashion design', 2016, 'akyasghina@ymail.com', '089656350398', ''),
(1089, 'STKIP Siliwangi Bandung', '', 'Pendidikan Bahasa Inggris', 2016, NULL, '', ''),
(1090, 'Universitas Jendral Achmad Yani', '', 'Teknik Elektro', 2017, NULL, '', ''),
(1091, 'Universitas Islam Nusantara', '', 'Teknik Informatika', 2016, NULL, '', ''),
(1092, 'Universitas Jendral Achmad Yani', '', 'Psikologi', 2015, NULL, '', ''),
(1093, 'Politeknik Negeri Bandung', '', 'Teknik Informatika', 2015, NULL, '', ''),
(1094, 'Universitas Padjajaran', '', 'Teknik Geologi', 2017, 'muhammadnaufandi@gmail.com', '085624129991', ''),
(1095, 'Politeknik Negeri Bandung', '', 'Teknik Konversi Energi', 2017, NULL, '', ''),
(1096, 'BSI', '', 'Teknik Informatika', 2017, NULL, '', ''),
(1097, 'Universitas Pasundan', '', 'Pend.Ekonomi', 2015, 'sarahjihaanqainii@gmail.com', '82115475972', ''),
(1098, 'Universitas Pendidikan Indonesia', '', 'Pend.Geografi', 2016, 'Renataadz61@gmail.com', '8122414170', ''),
(1099, 'Institut Teknologi Bandung', '', 'Ilmu dan Teknologi Kebumian', 2017, NULL, '', ''),
(1100, 'Universitas Pendidikan Indonesia', '', 'Biologi', 2017, NULL, '', ''),
(1101, 'Universitas Padjajaran', '', 'Agroteknologi', 2016, NULL, '', ''),
(1102, 'Universitas Padjajaran', '', 'Agroteknologi', 2016, NULL, '', ''),
(1103, 'Universitas Padjajaran', '', 'Perternakan', 2016, NULL, '', ''),
(1104, 'Universitas Jendral Achmad Yani', '', 'Informatika', 2016, NULL, '', ''),
(1105, 'Universitas Jendral Achmad Yani', '', 'Kedokteran Umum', 2017, NULL, '', ''),
(1106, 'Universitas Jendral Achmad Yani', '', 'Teknik Sipil', 2017, NULL, '', ''),
(1107, 'Universitas Jendral Achmad Yani', '', 'Kimia', 2015, NULL, '', ''),
(1108, 'Politeknik Negeri Bandung', '', 'Teknik Pendingin dan Tata Udara', 2015, 'trirahayuarisa@gmail.com', '081321604847', ''),
(1109, 'Universitas Widyatama', '', 'Manajemen', 0000, NULL, '', ''),
(1110, 'Universitas nurtanio', '', 'Teknik Penerbangan', 2016, NULL, '', ''),
(1111, 'Universitas nurtanio', '', 'Teknik Penerbangan', 2017, NULL, '', ''),
(1112, 'Universitas Jendral Achmad Yani', '', 'Tehnik Kendali & Instrumentasi', 2015, 'wahyudirivan@gmail.com', '`089621266833', ''),
(1113, 'UNIKOM', '', 'Manajemen', 2016, NULL, '', ''),
(1114, 'Universitas Pendidikan Indonesia', '', 'Teknik Sipil', 2016, 'ghifarauliarachman@yahoo.com', '082214171013', ''),
(1115, 'Universitas Pasundan', '', 'Akuntansi', 2017, NULL, '', ''),
(1116, 'Universitas nurtanio', '', 'Motor Pesawat', 2016, NULL, '', ''),
(1117, 'Universitas Jendral Achmad Yani', '', 'Akuntansi', 2017, NULL, '', ''),
(1118, 'Universitas Jendral Achmad Yani', '', 'Kedokteran Umum', 2017, NULL, '', ''),
(1119, 'STKIP Siliwangi Bandung', '', 'Matematika', 2016, NULL, '', ''),
(1120, 'STIKES Jendral Achmad Yani', '', 'Kebidanan', 0000, NULL, '', ''),
(1121, 'Universitas Pasundan', '', 'Teknoogi Pangan', 2017, NULL, '', ''),
(1122, 'Universitas Islam Bandung', '', 'Psikologi', 2015, NULL, '', ''),
(1123, 'Politeknik Manufaktur Negeri Bandung', '', 'Design Engineering', 2017, NULL, '', ''),
(1124, 'STKS', '', 'Kesejahteraan Sosial', 2016, NULL, '', ''),
(1125, 'Universitas Jendral Achmad Yani', '', 'Teknik Elektro', 2014, 'ssndamayanti@gmail.com', '081310073651', ''),
(1126, 'Universitas Jendral Achmad Yani', '', 'Manajemen Ekonomi', 0000, 'Choirunnisamedina@gmail.com', '0857212494447', ''),
(1127, 'Universitas Jendral Achmad Yani', '', 'Ilmu Pemerintahan', 0000, 'ghinanissahasna@gmail.com', '085703361379', ''),
(1128, 'ITENAS', '', 'Desain komunikasi visual', 2017, 'linaauliyarmh@gmail.com', '85830218566', ''),
(1129, 'Politeknik Piksi Ganesha', '', 'Rekam Medis Informasi Kesehatan', 2017, 'salsabilaatidar@gmail.com', '85886862557', ''),
(1130, 'Universitas nasional pasim', '', 'psikologi', 2017, 'syifadyulvianita@gmail.com', '85314195059', ''),
(1131, 'Universitas Nurtanio', '', 'Manajemen', 2015, 'vidiarahman@gmail.com', '81910432228', ''),
(1132, 'STIKES jendral achmad yani', '', 'Ilmu Keperawatan', 2016, 'Hawarinurlinta98@gmail.com', '89688149313', ''),
(1133, 'STIKES jendral achmad yani', '', 'kebidanan', 2016, 'dinanuroktavia1998@gmail.com', '89693394655', ''),
(1134, 'Politeknik TEDC Bandung', '', 'Komp.Akuntansi', 2014, 'Anovitasari3@gmail.com', '87823423759', ''),
(1135, 'Universitas Pendidikan Indonesia', '', 'Bimbingan Konseling', 2014, 'Fatmawardhani04@gmail.com', '85659036008', ''),
(1136, 'STIKES Jenderal Achmad Yani', '', 'Ilmu Kesehatan Masyarakat', 2017, 'Eva.yusri1933@gmail.com', '85721904200', ''),
(1137, 'Universitas Pasundan', '', 'PG SD', 2016, NULL, '81320481390', ''),
(1138, 'STKIPSiliwangui', '', 'Pend. B. INggris', 2016, NULL, '', ''),
(1139, 'Universitas Pendidikan Indonesia', '', 'PLS', 0000, 'ramautomo48@yahoo.com', '085797242400', ''),
(1140, 'Politeknik TEDC Bandung', '', 'Alat Berat', 2017, 'JayahSurya@yahoo.com', '08998761757', ''),
(1141, '', '', 'Manajemen', 0000, 'afinaputrinurfauzia@gmail.com', '087822171407', '');

-- --------------------------------------------------------

--
-- Struktur dari tabel `tb_kehadiran`
--

CREATE TABLE `tb_kehadiran` (
  `id` int(11) NOT NULL,
  `idacara` int(11) NOT NULL,
  `idpeserta` int(11) NOT NULL,
  `time` timestamp NOT NULL DEFAULT CURRENT_TIMESTAMP ON UPDATE CURRENT_TIMESTAMP
) ENGINE=InnoDB DEFAULT CHARSET=utf8mb4;

--
-- Dumping data untuk tabel `tb_kehadiran`
--

INSERT INTO `tb_kehadiran` (`id`, `idacara`, `idpeserta`, `time`) VALUES
(3, 1, 154, '2017-10-28 23:32:37'),
(4, 1, 62, '2017-10-28 23:32:51'),
(5, 1, 210, '2017-10-28 23:32:52'),
(6, 1, 53, '2017-10-28 23:33:01'),
(7, 1, 48, '2017-10-28 23:33:05'),
(8, 1, 364, '2017-10-28 23:33:20'),
(9, 1, 236, '2017-10-28 23:33:24'),
(10, 1, 176, '2017-10-28 23:34:01'),
(11, 1, 160, '2017-10-28 23:34:02'),
(12, 1, 97, '2017-10-28 23:34:10'),
(13, 1, 275, '2017-10-28 23:34:12'),
(14, 1, 13, '2017-10-28 23:34:43'),
(15, 1, 1148, '2017-10-28 23:34:59'),
(16, 1, 215, '2017-10-28 23:35:20'),
(17, 1, 163, '2017-10-28 23:35:33'),
(18, 1, 96, '2017-10-28 23:39:51'),
(19, 1, 112, '2017-10-28 23:40:02'),
(20, 1, 38, '2017-10-28 23:40:23'),
(21, 1, 100, '2017-10-28 23:40:54'),
(22, 1, 199, '2017-10-28 23:42:46'),
(23, 1, 179, '2017-10-28 23:42:55'),
(24, 1, 182, '2017-10-28 23:42:57'),
(25, 1, 365, '2017-10-28 23:43:00'),
(26, 1, 64, '2017-10-28 23:43:03'),
(27, 1, 347, '2017-10-28 23:43:10'),
(28, 1, 30, '2017-10-28 23:43:13'),
(29, 1, 249, '2017-10-28 23:43:20'),
(30, 1, 203, '2017-10-28 23:43:28'),
(31, 1, 167, '2017-10-28 23:43:37'),
(32, 1, 246, '2017-10-28 23:43:39'),
(33, 1, 1145, '2017-10-28 23:44:17'),
(34, 1, 243, '2017-10-28 23:44:58'),
(35, 1, 185, '2017-10-28 23:44:58'),
(36, 1, 234, '2017-10-28 23:45:14'),
(37, 1, 1149, '2017-10-28 23:45:36'),
(38, 1, 1150, '2017-10-28 23:49:46'),
(39, 1, 1151, '2017-10-28 23:49:52'),
(40, 1, 962, '2017-10-28 23:54:16'),
(41, 1, 1003, '2017-10-28 23:54:20'),
(42, 1, 949, '2017-10-28 23:54:38'),
(43, 1, 951, '2017-10-28 23:55:19'),
(44, 1, 946, '2017-10-28 23:55:19'),
(45, 1, 973, '2017-10-28 23:55:25'),
(46, 1, 925, '2017-10-28 23:55:43'),
(47, 1, 957, '2017-10-28 23:58:58'),
(48, 1, 976, '2017-10-28 23:59:02'),
(49, 1, 958, '2017-10-28 23:59:08'),
(50, 1, 960, '2017-10-28 23:59:17'),
(51, 1, 1013, '2017-10-28 23:59:29'),
(52, 1, 966, '2017-10-28 23:59:32'),
(53, 1, 1017, '2017-10-28 23:59:54'),
(54, 1, 961, '2017-10-29 00:00:02'),
(55, 1, 926, '2017-10-29 00:00:50'),
(56, 1, 1152, '2017-10-29 00:01:11'),
(57, 1, 1153, '2017-10-29 00:01:19'),
(58, 1, 1019, '2017-10-29 00:01:26'),
(59, 1, 1035, '2017-10-29 00:01:31'),
(60, 1, 334, '2017-10-29 00:01:42'),
(61, 1, 1006, '2017-10-29 00:01:46'),
(62, 1, 959, '2017-10-29 00:01:46'),
(63, 1, 1002, '2017-10-29 00:02:12'),
(64, 1, 928, '2017-10-29 00:02:15'),
(65, 1, 939, '2017-10-29 00:02:28'),
(66, 1, 318, '2017-10-29 00:06:25'),
(67, 1, 1154, '2017-10-29 00:06:25'),
(68, 1, 963, '2017-10-29 00:06:37'),
(69, 1, 937, '2017-10-29 00:06:49'),
(70, 1, 1037, '2017-10-29 00:06:56'),
(71, 1, 964, '2017-10-29 00:06:56'),
(72, 1, 947, '2017-10-29 00:06:58'),
(73, 1, 42, '2017-10-29 00:06:59'),
(74, 1, 1007, '2017-10-29 00:07:06'),
(75, 1, 1016, '2017-10-29 00:07:08'),
(76, 1, 324, '2017-10-29 00:07:16'),
(77, 1, 320, '2017-10-29 00:07:48'),
(78, 1, 1155, '2017-10-29 00:10:40'),
(79, 1, 938, '2017-10-29 00:10:55'),
(80, 1, 936, '2017-10-29 00:11:01'),
(81, 1, 970, '2017-10-29 00:11:07'),
(82, 1, 1034, '2017-10-29 00:11:23'),
(83, 1, 1036, '2017-10-29 00:11:37'),
(84, 1, 1026, '2017-10-29 00:11:50'),
(85, 1, 322, '2017-10-29 00:12:22'),
(86, 1, 1009, '2017-10-29 00:12:45'),
(87, 1, 950, '2017-10-29 00:12:50'),
(88, 1, 967, '2017-10-29 00:12:52'),
(89, 1, 975, '2017-10-29 00:13:03'),
(90, 1, 924, '2017-10-29 00:13:08'),
(91, 1, 1156, '2017-10-29 00:13:15'),
(92, 1, 971, '2017-10-29 00:13:28'),
(93, 1, 1157, '2017-10-29 00:13:33'),
(94, 1, 1158, '2017-10-29 00:14:01'),
(95, 1, 327, '2017-10-29 00:14:03'),
(96, 1, 927, '2017-10-29 00:14:12'),
(97, 1, 1159, '2017-10-29 00:14:21'),
(98, 1, 1160, '2017-10-29 00:14:22'),
(99, 1, 1029, '2017-10-29 00:14:27'),
(100, 1, 330, '2017-10-29 00:14:34'),
(101, 1, 822, '2017-10-29 00:15:00'),
(102, 1, 1161, '2017-10-29 00:15:09'),
(103, 1, 1104, '2017-10-29 00:15:09'),
(104, 1, 1062, '2017-10-29 00:15:13'),
(105, 1, 929, '2017-10-29 00:15:18'),
(106, 1, 323, '2017-10-29 00:15:28'),
(107, 1, 1162, '2017-10-29 00:15:32'),
(108, 1, 968, '2017-10-29 00:15:43'),
(109, 1, 1163, '2017-10-29 00:16:01'),
(110, 1, 1164, '2017-10-29 00:16:03'),
(111, 1, 1165, '2017-10-29 00:16:14'),
(112, 1, 930, '2017-10-29 00:16:17'),
(113, 1, 1166, '2017-10-29 00:16:24'),
(114, 1, 143, '2017-10-29 00:16:24'),
(115, 1, 319, '2017-10-29 00:16:30'),
(116, 1, 331, '2017-10-29 00:16:41'),
(117, 1, 992, '2017-10-29 00:16:41'),
(118, 1, 986, '2017-10-29 00:16:47'),
(119, 1, 991, '2017-10-29 00:16:56'),
(120, 1, 1167, '2017-10-29 00:17:02'),
(121, 1, 1168, '2017-10-29 00:17:10'),
(122, 1, 1169, '2017-10-29 00:17:36'),
(123, 1, 1170, '2017-10-29 00:17:38'),
(124, 1, 1171, '2017-10-29 00:17:54'),
(125, 1, 1172, '2017-10-29 00:18:10'),
(126, 1, 1173, '2017-10-29 00:18:10'),
(127, 1, 1174, '2017-10-29 00:18:14'),
(128, 1, 1175, '2017-10-29 00:18:15'),
(129, 1, 1176, '2017-10-29 00:18:17'),
(130, 1, 1177, '2017-10-29 00:18:49'),
(131, 1, 1099, '2017-10-29 00:18:51'),
(132, 1, 146, '2017-10-29 00:18:55'),
(133, 1, 216, '2017-10-29 00:19:02'),
(134, 1, 123, '2017-10-29 00:19:06'),
(135, 1, 1030, '2017-10-29 00:19:20'),
(136, 1, 316, '2017-10-29 00:19:31'),
(137, 1, 250, '2017-10-29 00:19:44'),
(138, 1, 1178, '2017-10-29 00:19:49'),
(139, 1, 310, '2017-10-29 00:19:49'),
(140, 1, 1179, '2017-10-29 00:19:52'),
(141, 1, 227, '2017-10-29 00:19:57'),
(142, 1, 1025, '2017-10-29 00:20:05'),
(143, 1, 701, '2017-10-29 00:20:07'),
(144, 1, 136, '2017-10-29 00:20:14'),
(145, 1, 1180, '2017-10-29 00:20:25'),
(146, 1, 1181, '2017-10-29 00:20:50'),
(147, 1, 932, '2017-10-29 00:20:53'),
(148, 1, 315, '2017-10-29 00:21:19'),
(149, 1, 113, '2017-10-29 00:21:44'),
(150, 1, 117, '2017-10-29 00:22:06'),
(151, 1, 111, '2017-10-29 00:22:07'),
(152, 1, 1182, '2017-10-29 00:22:36'),
(153, 1, 1018, '2017-10-29 00:25:01'),
(154, 1, 128, '2017-10-29 00:25:04'),
(155, 1, 1183, '2017-10-29 00:27:23'),
(156, 1, 314, '2017-10-29 00:27:45'),
(157, 1, 436, '2017-10-29 00:28:32'),
(158, 1, 335, '2017-10-29 00:28:49'),
(159, 1, 195, '2017-10-29 00:29:01'),
(160, 1, 682, '2017-10-29 00:29:14'),
(161, 1, 1184, '2017-10-29 00:31:09'),
(162, 1, 1028, '2017-10-29 00:31:12'),
(163, 1, 378, '2017-10-29 00:31:50'),
(164, 1, 994, '2017-10-29 00:31:52'),
(165, 1, 380, '2017-10-29 00:31:59'),
(166, 1, 996, '2017-10-29 00:32:09'),
(167, 1, 955, '2017-10-29 00:32:12'),
(168, 1, 944, '2017-10-29 00:32:21'),
(169, 1, 285, '2017-10-29 00:32:30'),
(170, 1, 952, '2017-10-29 00:32:31'),
(171, 1, 999, '2017-10-29 00:32:36'),
(172, 1, 281, '2017-10-29 00:32:38'),
(173, 1, 278, '2017-10-29 00:32:38'),
(174, 1, 985, '2017-10-29 00:32:52'),
(175, 1, 953, '2017-10-29 00:33:11'),
(176, 1, 989, '2017-10-29 00:33:24'),
(177, 1, 941, '2017-10-29 00:33:41'),
(178, 1, 997, '2017-10-29 00:33:59'),
(179, 1, 995, '2017-10-29 00:34:10'),
(180, 1, 1185, '2017-10-29 00:34:15'),
(181, 1, 1000, '2017-10-29 00:34:22'),
(182, 1, 313, '2017-10-29 00:34:42'),
(183, 1, 317, '2017-10-29 00:34:42'),
(184, 1, 1186, '2017-10-29 00:35:14'),
(185, 1, 981, '2017-10-29 00:35:15'),
(186, 1, 165, '2017-10-29 00:35:54'),
(187, 1, 361, '2017-10-29 00:37:20'),
(188, 1, 373, '2017-10-29 00:37:26'),
(189, 1, 359, '2017-10-29 00:37:33'),
(190, 1, 344, '2017-10-29 00:37:34'),
(191, 1, 350, '2017-10-29 00:37:51'),
(192, 1, 353, '2017-10-29 00:37:52'),
(193, 1, 1187, '2017-10-29 00:39:21'),
(194, 1, 211, '2017-10-29 00:39:50'),
(195, 1, 1188, '2017-10-29 00:40:26'),
(196, 1, 351, '2017-10-29 00:40:45'),
(197, 1, 221, '2017-10-29 00:40:58'),
(198, 1, 208, '2017-10-29 00:41:09'),
(199, 1, 341, '2017-10-29 00:41:14'),
(200, 1, 1120, '2017-10-29 00:41:43'),
(201, 1, 974, '2017-10-29 00:41:51'),
(202, 1, 1091, '2017-10-29 00:41:57'),
(203, 1, 9, '2017-10-29 00:42:13'),
(204, 1, 1189, '2017-10-29 00:42:17'),
(205, 1, 506, '2017-10-29 00:43:35'),
(206, 1, 1190, '2017-10-29 00:43:35'),
(207, 1, 1191, '2017-10-29 00:43:40'),
(208, 1, 1192, '2017-10-29 00:43:54'),
(209, 1, 683, '2017-10-29 00:44:01'),
(210, 1, 1193, '2017-10-29 00:44:22'),
(211, 1, 751, '2017-10-29 00:46:46'),
(212, 1, 150, '2017-10-29 00:46:49'),
(213, 1, 835, '2017-10-29 00:47:07'),
(214, 1, 1132, '2017-10-29 00:47:19'),
(215, 1, 714, '2017-10-29 00:47:25'),
(216, 1, 1121, '2017-10-29 00:47:37'),
(217, 1, 1068, '2017-10-29 00:47:51'),
(218, 1, 34, '2017-10-29 00:47:53'),
(219, 1, 1194, '2017-10-29 00:47:57'),
(220, 1, 1195, '2017-10-29 00:49:04'),
(221, 1, 543, '2017-10-29 00:49:20'),
(222, 1, 567, '2017-10-29 00:49:29'),
(223, 1, 340, '2017-10-29 00:49:37'),
(224, 1, 547, '2017-10-29 00:49:40'),
(225, 1, 545, '2017-10-29 00:49:51'),
(226, 1, 339, '2017-10-29 00:49:59'),
(227, 1, 661, '2017-10-29 00:50:02'),
(228, 1, 681, '2017-10-29 00:50:05'),
(229, 1, 376, '2017-10-29 00:50:13'),
(230, 1, 649, '2017-10-29 00:51:27'),
(231, 1, 520, '2017-10-29 00:51:35'),
(232, 1, 1196, '2017-10-29 00:51:55'),
(233, 1, 521, '2017-10-29 00:52:17'),
(234, 1, 1197, '2017-10-29 00:52:33'),
(235, 1, 752, '2017-10-29 00:52:56'),
(236, 1, 748, '2017-10-29 00:53:36'),
(237, 1, 371, '2017-10-29 00:53:58'),
(238, 1, 372, '2017-10-29 00:54:20'),
(239, 1, 224, '2017-10-29 00:54:26'),
(240, 1, 233, '2017-10-29 00:54:31'),
(241, 1, 354, '2017-10-29 00:54:33'),
(242, 1, 345, '2017-10-29 00:54:45'),
(243, 1, 472, '2017-10-29 00:55:27'),
(244, 1, 358, '2017-10-29 00:55:31'),
(245, 1, 360, '2017-10-29 00:55:33'),
(246, 1, 52, '2017-10-29 00:56:22'),
(247, 1, 1070, '2017-10-29 00:56:23'),
(248, 1, 50, '2017-10-29 00:56:36'),
(249, 1, 58, '2017-10-29 00:56:53'),
(250, 1, 1198, '2017-10-29 00:56:55'),
(251, 1, 1199, '2017-10-29 00:57:26'),
(252, 1, 401, '2017-10-29 00:57:28'),
(253, 1, 374, '2017-10-29 00:57:35'),
(254, 1, 131, '2017-10-29 00:57:36'),
(255, 1, 149, '2017-10-29 00:58:46'),
(256, 1, 219, '2017-10-29 00:59:56'),
(257, 1, 383, '2017-10-29 01:00:00'),
(258, 1, 63, '2017-10-29 01:00:07'),
(259, 1, 20, '2017-10-29 01:00:08'),
(260, 1, 518, '2017-10-29 01:00:10'),
(261, 1, 519, '2017-10-29 01:00:40'),
(262, 1, 686, '2017-10-29 01:01:03'),
(263, 1, 47, '2017-10-29 01:01:04'),
(264, 1, 1200, '2017-10-29 01:01:20'),
(265, 1, 507, '2017-10-29 01:01:24'),
(266, 1, 508, '2017-10-29 01:01:25'),
(267, 1, 1201, '2017-10-29 01:01:34'),
(268, 1, 356, '2017-10-29 01:02:02'),
(269, 1, 1202, '2017-10-29 01:02:04'),
(270, 1, 1203, '2017-10-29 01:02:09'),
(271, 1, 1046, '2017-10-29 01:02:23'),
(272, 1, 876, '2017-10-29 01:03:07'),
(273, 1, 98, '2017-10-29 01:03:13'),
(274, 1, 877, '2017-10-29 01:03:17'),
(275, 1, 95, '2017-10-29 01:03:26'),
(276, 1, 1204, '2017-10-29 01:03:41'),
(277, 1, 1205, '2017-10-29 01:04:20'),
(278, 1, 173, '2017-10-29 01:04:29'),
(279, 1, 200, '2017-10-29 01:04:30'),
(280, 1, 184, '2017-10-29 01:04:45'),
(281, 1, 820, '2017-10-29 01:04:50'),
(282, 1, 197, '2017-10-29 01:05:00'),
(283, 1, 129, '2017-10-29 01:05:01'),
(284, 1, 1206, '2017-10-29 01:05:03'),
(285, 1, 193, '2017-10-29 01:05:05'),
(286, 1, 1065, '2017-10-29 01:05:07'),
(287, 1, 1083, '2017-10-29 01:05:09'),
(288, 1, 127, '2017-10-29 01:05:18'),
(289, 1, 1061, '2017-10-29 01:05:22'),
(290, 1, 125, '2017-10-29 01:05:23'),
(291, 1, 1056, '2017-10-29 01:05:24'),
(292, 1, 965, '2017-10-29 01:05:36'),
(293, 1, 1207, '2017-10-29 01:05:59'),
(294, 1, 126, '2017-10-29 01:06:11'),
(295, 1, 1208, '2017-10-29 01:06:42'),
(296, 1, 692, '2017-10-29 01:07:11'),
(297, 1, 685, '2017-10-29 01:07:14'),
(298, 1, 504, '2017-10-29 01:07:16'),
(299, 1, 1209, '2017-10-29 01:07:25'),
(300, 1, 643, '2017-10-29 01:07:36'),
(301, 1, 607, '2017-10-29 01:07:36'),
(302, 1, 411, '2017-10-29 01:07:41'),
(303, 1, 114, '2017-10-29 01:07:56'),
(304, 1, 604, '2017-10-29 01:09:04'),
(305, 1, 1210, '2017-10-29 01:09:07'),
(306, 1, 1211, '2017-10-29 01:09:08'),
(307, 1, 599, '2017-10-29 01:09:14'),
(308, 1, 1212, '2017-10-29 01:09:44'),
(309, 1, 2, '2017-10-29 01:10:19'),
(310, 1, 1213, '2017-10-29 01:10:35'),
(311, 1, 564, '2017-10-29 01:10:50'),
(312, 1, 1214, '2017-10-29 01:10:59'),
(313, 1, 1215, '2017-10-29 01:11:00'),
(314, 1, 238, '2017-10-29 01:11:05'),
(315, 1, 24, '2017-10-29 01:11:16'),
(316, 1, 1216, '2017-10-29 01:11:49'),
(317, 1, 41, '2017-10-29 01:11:58'),
(318, 1, 437, '2017-10-29 01:12:13'),
(319, 1, 438, '2017-10-29 01:12:25'),
(320, 1, 549, '2017-10-29 01:12:36'),
(321, 1, 1217, '2017-10-29 01:13:15'),
(322, 1, 450, '2017-10-29 01:13:34'),
(323, 1, 446, '2017-10-29 01:13:39'),
(324, 1, 447, '2017-10-29 01:13:42'),
(325, 1, 206, '2017-10-29 01:14:09'),
(326, 1, 282, '2017-10-29 01:15:01'),
(327, 1, 207, '2017-10-29 01:15:33'),
(328, 1, 44, '2017-10-29 01:15:44'),
(329, 1, 1218, '2017-10-29 01:15:56'),
(330, 1, 1219, '2017-10-29 01:17:00'),
(331, 1, 1220, '2017-10-29 01:17:30'),
(332, 1, 212, '2017-10-29 01:17:45'),
(333, 1, 903, '2017-10-29 01:17:52'),
(334, 1, 901, '2017-10-29 01:18:05'),
(335, 1, 1221, '2017-10-29 01:18:07'),
(336, 1, 230, '2017-10-29 01:18:12'),
(337, 1, 635, '2017-10-29 01:18:19'),
(338, 1, 557, '2017-10-29 01:18:26'),
(339, 1, 1222, '2017-10-29 01:18:51'),
(340, 1, 1223, '2017-10-29 01:18:57'),
(341, 1, 1224, '2017-10-29 01:19:31'),
(342, 1, 1225, '2017-10-29 01:19:38'),
(343, 1, 1226, '2017-10-29 01:19:40'),
(344, 1, 1140, '2017-10-29 01:19:43'),
(345, 1, 1125, '2017-10-29 01:19:51'),
(346, 1, 1119, '2017-10-29 01:20:00'),
(347, 1, 43, '2017-10-29 01:20:08'),
(348, 1, 1136, '2017-10-29 01:20:08'),
(349, 1, 698, '2017-10-29 01:20:13'),
(350, 1, 823, '2017-10-29 01:20:18'),
(351, 1, 1063, '2017-10-29 01:20:22'),
(352, 1, 904, '2017-10-29 01:20:26'),
(353, 1, 1084, '2017-10-29 01:20:33'),
(354, 1, 226, '2017-10-29 01:20:52'),
(355, 1, 1227, '2017-10-29 01:21:06'),
(356, 1, 1228, '2017-10-29 01:21:30'),
(357, 1, 161, '2017-10-29 01:21:58'),
(358, 1, 1229, '2017-10-29 01:21:58'),
(359, 1, 204, '2017-10-29 01:22:02'),
(360, 1, 178, '2017-10-29 01:22:10'),
(361, 1, 23, '2017-10-29 01:22:12'),
(362, 1, 91, '2017-10-29 01:22:17'),
(363, 1, 177, '2017-10-29 01:22:17'),
(364, 1, 1230, '2017-10-29 01:22:22'),
(365, 1, 194, '2017-10-29 01:22:26'),
(366, 1, 198, '2017-10-29 01:22:36'),
(367, 1, 151, '2017-10-29 01:22:46'),
(368, 1, 77, '2017-10-29 01:22:52'),
(369, 1, 1231, '2017-10-29 01:22:56'),
(370, 1, 755, '2017-10-29 01:23:21'),
(371, 1, 1105, '2017-10-29 01:23:28'),
(372, 1, 747, '2017-10-29 01:23:28'),
(373, 1, 754, '2017-10-29 01:23:28'),
(374, 1, 1106, '2017-10-29 01:23:49'),
(375, 1, 1117, '2017-10-29 01:23:51'),
(376, 1, 756, '2017-10-29 01:23:54'),
(377, 1, 10, '2017-10-29 01:24:17'),
(378, 1, 1232, '2017-10-29 01:24:18'),
(379, 1, 4, '2017-10-29 01:24:20'),
(380, 1, 1118, '2017-10-29 01:24:21'),
(381, 1, 1233, '2017-10-29 01:24:55'),
(382, 1, 1234, '2017-10-29 01:24:59'),
(383, 1, 622, '2017-10-29 01:25:07'),
(384, 1, 850, '2017-10-29 01:25:12'),
(385, 1, 608, '2017-10-29 01:25:23'),
(386, 1, 1116, '2017-10-29 01:26:14'),
(387, 1, 1235, '2017-10-29 01:26:17'),
(388, 1, 1236, '2017-10-29 01:26:31'),
(389, 1, 1237, '2017-10-29 01:26:55'),
(390, 1, 1238, '2017-10-29 01:27:37'),
(391, 1, 865, '2017-10-29 01:27:59'),
(392, 1, 1239, '2017-10-29 01:28:48'),
(393, 1, 1240, '2017-10-29 01:29:40'),
(394, 1, 1241, '2017-10-29 01:30:22'),
(395, 1, 861, '2017-10-29 01:31:09'),
(396, 1, 1242, '2017-10-29 01:31:14'),
(397, 1, 869, '2017-10-29 01:31:16'),
(398, 1, 862, '2017-10-29 01:31:21'),
(399, 1, 495, '2017-10-29 01:31:58'),
(400, 1, 85, '2017-10-29 01:32:06'),
(401, 1, 1243, '2017-10-29 01:32:09'),
(402, 1, 29, '2017-10-29 01:32:10'),
(403, 1, 326, '2017-10-29 01:32:19'),
(404, 1, 188, '2017-10-29 01:32:21'),
(405, 1, 1110, '2017-10-29 01:32:24'),
(406, 1, 799, '2017-10-29 01:32:32'),
(407, 1, 695, '2017-10-29 01:32:42'),
(408, 1, 780, '2017-10-29 01:32:54'),
(409, 1, 78, '2017-10-29 01:32:59'),
(410, 1, 1244, '2017-10-29 01:33:00'),
(411, 1, 916, '2017-10-29 01:33:06'),
(412, 1, 580, '2017-10-29 01:33:08'),
(413, 1, 75, '2017-10-29 01:33:18'),
(414, 1, 784, '2017-10-29 01:33:33'),
(415, 1, 12, '2017-10-29 01:33:37'),
(416, 1, 753, '2017-10-29 01:33:56'),
(417, 1, 26, '2017-10-29 01:33:58'),
(418, 1, 1245, '2017-10-29 01:34:04'),
(419, 1, 758, '2017-10-29 01:34:05'),
(420, 1, 94, '2017-10-29 01:34:06'),
(421, 1, 573, '2017-10-29 01:34:17'),
(422, 1, 812, '2017-10-29 01:34:19'),
(423, 1, 813, '2017-10-29 01:34:28'),
(424, 1, 298, '2017-10-29 01:34:39'),
(425, 1, 32, '2017-10-29 01:34:42'),
(426, 1, 1060, '2017-10-29 01:34:52'),
(427, 1, 1246, '2017-10-29 01:34:52'),
(428, 1, 1247, '2017-10-29 01:35:11'),
(429, 1, 1248, '2017-10-29 01:35:15'),
(430, 1, 442, '2017-10-29 01:35:26'),
(431, 1, 582, '2017-10-29 01:35:27'),
(432, 1, 1249, '2017-10-29 01:35:48'),
(433, 1, 1250, '2017-10-29 01:35:50'),
(434, 1, 390, '2017-10-29 01:35:50'),
(435, 1, 76, '2017-10-29 01:35:50'),
(436, 1, 814, '2017-10-29 01:35:52'),
(437, 1, 892, '2017-10-29 01:36:04'),
(438, 1, 811, '2017-10-29 01:36:06'),
(439, 1, 1251, '2017-10-29 01:36:08'),
(440, 1, 435, '2017-10-29 01:36:14'),
(441, 1, 571, '2017-10-29 01:36:17'),
(442, 1, 1141, '2017-10-29 01:36:20'),
(443, 1, 1252, '2017-10-29 01:36:33'),
(444, 1, 391, '2017-10-29 01:36:33'),
(445, 1, 440, '2017-10-29 01:36:41'),
(446, 1, 786, '2017-10-29 01:36:45'),
(447, 1, 605, '2017-10-29 01:36:47'),
(448, 1, 264, '2017-10-29 01:36:53'),
(449, 1, 445, '2017-10-29 01:36:55'),
(450, 1, 783, '2017-10-29 01:36:58'),
(451, 1, 1253, '2017-10-29 01:37:06'),
(452, 1, 777, '2017-10-29 01:37:13'),
(453, 1, 476, '2017-10-29 01:37:14'),
(454, 1, 1254, '2017-10-29 01:37:45'),
(455, 1, 88, '2017-10-29 01:37:53'),
(456, 1, 443, '2017-10-29 01:37:57'),
(457, 1, 90, '2017-10-29 01:38:02'),
(458, 1, 1255, '2017-10-29 01:38:07'),
(459, 1, 1256, '2017-10-29 01:38:29'),
(460, 1, 1257, '2017-10-29 01:38:32'),
(461, 1, 677, '2017-10-29 01:38:38'),
(462, 1, 1039, '2017-10-29 01:38:45'),
(463, 1, 1258, '2017-10-29 01:38:46'),
(464, 1, 700, '2017-10-29 01:38:48'),
(465, 1, 1259, '2017-10-29 01:38:54'),
(466, 1, 1045, '2017-10-29 01:38:55'),
(467, 1, 1260, '2017-10-29 01:38:57'),
(468, 1, 1044, '2017-10-29 01:39:05'),
(469, 1, 6, '2017-10-29 01:39:05'),
(470, 1, 697, '2017-10-29 01:39:06'),
(471, 1, 794, '2017-10-29 01:39:14'),
(472, 1, 263, '2017-10-29 01:39:15'),
(473, 1, 370, '2017-10-29 01:39:18'),
(474, 1, 1261, '2017-10-29 01:39:20'),
(475, 1, 1262, '2017-10-29 01:39:20'),
(476, 1, 1057, '2017-10-29 01:39:23'),
(477, 1, 1042, '2017-10-29 01:39:27'),
(478, 1, 534, '2017-10-29 01:39:28'),
(479, 1, 526, '2017-10-29 01:39:31'),
(480, 1, 544, '2017-10-29 01:39:34'),
(481, 1, 496, '2017-10-29 01:39:38'),
(482, 1, 595, '2017-10-29 01:39:44'),
(483, 1, 1263, '2017-10-29 01:39:51'),
(484, 1, 578, '2017-10-29 01:39:52'),
(485, 1, 858, '2017-10-29 01:39:53'),
(486, 1, 1264, '2017-10-29 01:40:19'),
(487, 1, 3, '2017-10-29 01:40:22'),
(488, 1, 402, '2017-10-29 01:40:23'),
(489, 1, 1265, '2017-10-29 01:40:24'),
(490, 1, 620, '2017-10-29 01:40:27'),
(491, 1, 619, '2017-10-29 01:40:29'),
(492, 1, 1, '2017-10-29 01:40:35'),
(493, 1, 623, '2017-10-29 01:40:37'),
(494, 1, 603, '2017-10-29 01:40:38'),
(495, 1, 1266, '2017-10-29 01:40:46'),
(496, 1, 400, '2017-10-29 01:40:49'),
(497, 1, 16, '2017-10-29 01:40:51'),
(498, 1, 382, '2017-10-29 01:40:58'),
(499, 1, 220, '2017-10-29 01:40:59'),
(500, 1, 602, '2017-10-29 01:41:01'),
(501, 1, 1267, '2017-10-29 01:41:07'),
(502, 1, 425, '2017-10-29 01:41:10'),
(503, 1, 21, '2017-10-29 01:41:10'),
(504, 1, 1268, '2017-10-29 01:41:16'),
(505, 1, 908, '2017-10-29 01:41:18'),
(506, 1, 1269, '2017-10-29 01:41:20'),
(507, 1, 1123, '2017-10-29 01:41:23'),
(508, 1, 1270, '2017-10-29 01:41:26'),
(509, 1, 591, '2017-10-29 01:41:28'),
(510, 1, 528, '2017-10-29 01:41:34'),
(511, 1, 1271, '2017-10-29 01:41:35'),
(512, 1, 718, '2017-10-29 01:41:37'),
(513, 1, 482, '2017-10-29 01:41:38'),
(514, 1, 1272, '2017-10-29 01:41:54'),
(515, 1, 498, '2017-10-29 01:41:57'),
(516, 1, 27, '2017-10-29 01:42:08'),
(517, 1, 1273, '2017-10-29 01:42:09'),
(518, 1, 1274, '2017-10-29 01:42:13'),
(519, 1, 531, '2017-10-29 01:42:19'),
(520, 1, 39, '2017-10-29 01:42:20'),
(521, 1, 1275, '2017-10-29 01:42:25'),
(522, 1, 1276, '2017-10-29 01:42:45'),
(523, 1, 1277, '2017-10-29 01:42:49'),
(524, 1, 1278, '2017-10-29 01:42:50'),
(525, 1, 1279, '2017-10-29 01:42:50'),
(526, 1, 617, '2017-10-29 01:42:53'),
(527, 1, 492, '2017-10-29 01:43:04'),
(528, 1, 1280, '2017-10-29 01:43:04'),
(529, 1, 593, '2017-10-29 01:43:06'),
(530, 1, 1281, '2017-10-29 01:43:13'),
(531, 1, 790, '2017-10-29 01:43:13'),
(532, 1, 781, '2017-10-29 01:43:26'),
(533, 1, 1049, '2017-10-29 01:43:27'),
(534, 1, 379, '2017-10-29 01:43:30'),
(535, 1, 1048, '2017-10-29 01:43:37'),
(536, 1, 1282, '2017-10-29 01:43:37'),
(537, 1, 913, '2017-10-29 01:43:39'),
(538, 1, 1283, '2017-10-29 01:43:39'),
(539, 1, 787, '2017-10-29 01:43:39'),
(540, 1, 81, '2017-10-29 01:43:51'),
(541, 1, 453, '2017-10-29 01:43:54'),
(542, 1, 1284, '2017-10-29 01:44:04'),
(543, 1, 1285, '2017-10-29 01:44:05'),
(544, 1, 395, '2017-10-29 01:44:10'),
(545, 1, 1286, '2017-10-29 01:44:12'),
(546, 1, 71, '2017-10-29 01:44:16'),
(547, 1, 1287, '2017-10-29 01:44:35'),
(548, 1, 1288, '2017-10-29 01:44:36'),
(549, 1, 1289, '2017-10-29 01:44:45'),
(550, 1, 793, '2017-10-29 01:44:46'),
(551, 1, 779, '2017-10-29 01:44:54'),
(552, 1, 1290, '2017-10-29 01:44:58'),
(553, 1, 782, '2017-10-29 01:45:06'),
(554, 1, 406, '2017-10-29 01:45:09'),
(555, 1, 209, '2017-10-29 01:45:16'),
(556, 1, 307, '2017-10-29 01:45:16'),
(557, 1, 1291, '2017-10-29 01:45:17'),
(558, 1, 1128, '2017-10-29 01:45:19'),
(559, 1, 1292, '2017-10-29 01:45:22'),
(560, 1, 424, '2017-10-29 01:45:22'),
(561, 1, 1088, '2017-10-29 01:45:36'),
(562, 1, 1293, '2017-10-29 01:45:44'),
(563, 1, 54, '2017-10-29 01:45:55'),
(564, 1, 301, '2017-10-29 01:46:07'),
(565, 1, 1294, '2017-10-29 01:46:10'),
(566, 1, 300, '2017-10-29 01:46:20'),
(567, 1, 1295, '2017-10-29 01:46:30'),
(568, 1, 510, '2017-10-29 01:46:32'),
(569, 1, 473, '2017-10-29 01:46:35'),
(570, 1, 987, '2017-10-29 01:46:40'),
(571, 1, 1135, '2017-10-29 01:46:41'),
(572, 1, 1296, '2017-10-29 01:46:44'),
(573, 1, 1297, '2017-10-29 01:46:46'),
(574, 1, 392, '2017-10-29 01:46:51'),
(575, 1, 1086, '2017-10-29 01:47:04'),
(576, 1, 773, '2017-10-29 01:47:16'),
(577, 1, 1298, '2017-10-29 01:47:24'),
(578, 1, 797, '2017-10-29 01:47:24'),
(579, 1, 1299, '2017-10-29 01:47:27'),
(580, 1, 1300, '2017-10-29 01:47:30'),
(581, 1, 539, '2017-10-29 01:47:33'),
(582, 1, 73, '2017-10-29 01:47:35'),
(583, 1, 1301, '2017-10-29 01:47:41'),
(584, 1, 1129, '2017-10-29 01:47:43'),
(585, 1, 1134, '2017-10-29 01:47:48'),
(586, 1, 1080, '2017-10-29 01:47:50'),
(587, 1, 1071, '2017-10-29 01:47:51'),
(588, 1, 1302, '2017-10-29 01:47:57'),
(589, 1, 1097, '2017-10-29 01:48:02'),
(590, 1, 1303, '2017-10-29 01:48:07'),
(591, 1, 1304, '2017-10-29 01:48:08'),
(592, 1, 884, '2017-10-29 01:48:08'),
(593, 1, 403, '2017-10-29 01:48:16'),
(594, 1, 1305, '2017-10-29 01:48:34'),
(595, 1, 1306, '2017-10-29 01:48:35'),
(596, 1, 82, '2017-10-29 01:48:36'),
(597, 1, 1307, '2017-10-29 01:48:36'),
(598, 1, 1308, '2017-10-29 01:48:48'),
(599, 1, 1309, '2017-10-29 01:48:55'),
(600, 1, 1310, '2017-10-29 01:48:57'),
(601, 1, 1311, '2017-10-29 01:49:37'),
(602, 1, 1312, '2017-10-29 01:49:39'),
(603, 1, 1313, '2017-10-29 01:49:40'),
(604, 1, 1314, '2017-10-29 01:49:41'),
(605, 1, 614, '2017-10-29 01:49:53'),
(606, 1, 538, '2017-10-29 01:50:01'),
(607, 1, 67, '2017-10-29 01:50:11'),
(608, 1, 637, '2017-10-29 01:50:12'),
(609, 1, 1315, '2017-10-29 01:50:15'),
(610, 1, 1131, '2017-10-29 01:50:17'),
(611, 1, 1316, '2017-10-29 01:50:20'),
(612, 1, 579, '2017-10-29 01:50:24'),
(613, 1, 1108, '2017-10-29 01:50:33'),
(614, 1, 596, '2017-10-29 01:50:37'),
(615, 1, 1317, '2017-10-29 01:50:45'),
(616, 1, 631, '2017-10-29 01:50:48'),
(617, 1, 1318, '2017-10-29 01:50:49'),
(618, 1, 1319, '2017-10-29 01:50:57'),
(619, 1, 72, '2017-10-29 01:51:02'),
(620, 1, 1320, '2017-10-29 01:51:32'),
(621, 1, 1321, '2017-10-29 01:51:34'),
(622, 1, 15, '2017-10-29 01:51:45'),
(623, 1, 1322, '2017-10-29 01:51:47'),
(624, 1, 1323, '2017-10-29 01:52:11'),
(625, 1, 299, '2017-10-29 01:52:11'),
(626, 1, 1324, '2017-10-29 01:52:13'),
(627, 1, 304, '2017-10-29 01:52:19'),
(628, 1, 397, '2017-10-29 01:52:32'),
(629, 1, 1325, '2017-10-29 01:52:36'),
(630, 1, 1326, '2017-10-29 01:52:41'),
(631, 1, 1327, '2017-10-29 01:52:51'),
(632, 1, 1328, '2017-10-29 01:52:54'),
(633, 1, 1329, '2017-10-29 01:53:04'),
(634, 1, 1330, '2017-10-29 01:53:07'),
(635, 1, 1331, '2017-10-29 01:53:07'),
(636, 1, 1078, '2017-10-29 01:53:09'),
(637, 1, 874, '2017-10-29 01:53:19'),
(638, 1, 1332, '2017-10-29 01:53:34'),
(639, 1, 1333, '2017-10-29 01:53:37'),
(640, 1, 1075, '2017-10-29 01:53:38'),
(641, 1, 1334, '2017-10-29 01:53:46'),
(642, 1, 1335, '2017-10-29 01:53:58'),
(643, 1, 523, '2017-10-29 01:54:03'),
(644, 1, 524, '2017-10-29 01:54:16'),
(645, 1, 1336, '2017-10-29 01:54:19'),
(646, 1, 1337, '2017-10-29 01:54:20'),
(647, 1, 1338, '2017-10-29 01:54:22'),
(648, 1, 980, '2017-10-29 01:54:26'),
(649, 1, 1076, '2017-10-29 01:54:30'),
(650, 1, 1339, '2017-10-29 01:54:32'),
(651, 1, 266, '2017-10-29 01:54:35'),
(652, 1, 1340, '2017-10-29 01:54:43'),
(653, 1, 1089, '2017-10-29 01:54:47'),
(654, 1, 1102, '2017-10-29 01:54:47'),
(655, 1, 796, '2017-10-29 01:54:56'),
(656, 1, 262, '2017-10-29 01:55:02'),
(657, 1, 1341, '2017-10-29 01:55:04'),
(658, 1, 810, '2017-10-29 01:55:05'),
(659, 1, 1342, '2017-10-29 01:55:07'),
(660, 1, 427, '2017-10-29 01:55:09'),
(661, 1, 1343, '2017-10-29 01:55:09'),
(662, 1, 798, '2017-10-29 01:55:12'),
(663, 1, 260, '2017-10-29 01:55:12'),
(664, 1, 912, '2017-10-29 01:55:18'),
(665, 1, 803, '2017-10-29 01:55:19'),
(666, 1, 1344, '2017-10-29 01:55:22'),
(667, 1, 1074, '2017-10-29 01:55:30'),
(668, 1, 550, '2017-10-29 01:55:33'),
(669, 1, 1345, '2017-10-29 01:55:39'),
(670, 1, 1095, '2017-10-29 01:55:42'),
(671, 1, 1346, '2017-10-29 01:55:46'),
(672, 1, 407, '2017-10-29 01:55:48'),
(673, 1, 560, '2017-10-29 01:55:49'),
(674, 1, 1093, '2017-10-29 01:55:50'),
(675, 1, 385, '2017-10-29 01:56:00'),
(676, 1, 626, '2017-10-29 01:56:01'),
(677, 1, 881, '2017-10-29 01:56:01'),
(678, 1, 767, '2017-10-29 01:56:10'),
(679, 1, 1347, '2017-10-29 01:56:10'),
(680, 1, 1348, '2017-10-29 01:56:14'),
(681, 1, 628, '2017-10-29 01:56:15'),
(682, 1, 1349, '2017-10-29 01:56:20'),
(683, 1, 1350, '2017-10-29 01:56:20'),
(684, 1, 769, '2017-10-29 01:56:20'),
(685, 1, 1351, '2017-10-29 01:56:43'),
(686, 1, 632, '2017-10-29 01:57:00'),
(687, 1, 1352, '2017-10-29 01:57:08'),
(688, 1, 297, '2017-10-29 01:57:17'),
(689, 1, 1353, '2017-10-29 01:57:20'),
(690, 1, 641, '2017-10-29 01:57:21'),
(691, 1, 1354, '2017-10-29 01:57:23'),
(692, 1, 1355, '2017-10-29 01:57:35'),
(693, 1, 1356, '2017-10-29 01:57:35'),
(694, 1, 654, '2017-10-29 01:57:35'),
(695, 1, 1357, '2017-10-29 01:57:41'),
(696, 1, 1358, '2017-10-29 01:57:49'),
(697, 1, 295, '2017-10-29 01:57:49'),
(698, 1, 1359, '2017-10-29 01:57:53'),
(699, 1, 627, '2017-10-29 01:58:00'),
(700, 1, 1360, '2017-10-29 01:58:05'),
(701, 1, 584, '2017-10-29 01:58:11'),
(702, 1, 642, '2017-10-29 01:58:14'),
(703, 1, 629, '2017-10-29 01:58:27'),
(704, 1, 1361, '2017-10-29 01:58:31'),
(705, 1, 1362, '2017-10-29 01:58:35'),
(706, 1, 1363, '2017-10-29 01:58:39'),
(707, 1, 1364, '2017-10-29 01:58:42'),
(708, 1, 1365, '2017-10-29 01:59:05'),
(709, 1, 1366, '2017-10-29 01:59:07'),
(710, 1, 1367, '2017-10-29 01:59:32'),
(711, 1, 867, '2017-10-29 01:59:33'),
(712, 1, 1368, '2017-10-29 01:59:41'),
(713, 1, 640, '2017-10-29 01:59:46'),
(714, 1, 766, '2017-10-29 01:59:47'),
(715, 1, 866, '2017-10-29 01:59:47'),
(716, 1, 1369, '2017-10-29 01:59:50'),
(717, 1, 764, '2017-10-29 01:59:51'),
(718, 1, 765, '2017-10-29 01:59:57'),
(719, 1, 693, '2017-10-29 02:00:00'),
(720, 1, 1370, '2017-10-29 02:00:02'),
(721, 1, 768, '2017-10-29 02:00:03'),
(722, 1, 616, '2017-10-29 02:00:04'),
(723, 1, 743, '2017-10-29 02:00:10'),
(724, 1, 1371, '2017-10-29 02:00:10'),
(725, 1, 896, '2017-10-29 02:00:16'),
(726, 1, 897, '2017-10-29 02:00:17'),
(727, 1, 894, '2017-10-29 02:00:18'),
(728, 1, 895, '2017-10-29 02:00:26'),
(729, 1, 1372, '2017-10-29 02:00:37'),
(730, 1, 1373, '2017-10-29 02:00:54'),
(731, 1, 1374, '2017-10-29 02:00:57'),
(732, 1, 1375, '2017-10-29 02:01:01'),
(733, 1, 658, '2017-10-29 02:01:02'),
(734, 1, 1376, '2017-10-29 02:01:16'),
(735, 1, 659, '2017-10-29 02:01:17'),
(736, 1, 674, '2017-10-29 02:01:20'),
(737, 1, 1377, '2017-10-29 02:01:25'),
(738, 1, 1378, '2017-10-29 02:02:11'),
(739, 1, 68, '2017-10-29 02:02:22'),
(740, 1, 1379, '2017-10-29 02:02:24'),
(741, 1, 477, '2017-10-29 02:02:54'),
(742, 1, 1380, '2017-10-29 02:02:54'),
(743, 1, 276, '2017-10-29 02:03:01'),
(744, 1, 405, '2017-10-29 02:03:13'),
(745, 1, 1381, '2017-10-29 02:03:35'),
(746, 1, 1382, '2017-10-29 02:03:49'),
(747, 1, 1383, '2017-10-29 02:03:50'),
(748, 1, 1384, '2017-10-29 02:03:52'),
(749, 1, 1112, '2017-10-29 02:03:52'),
(750, 1, 909, '2017-10-29 02:03:54'),
(751, 1, 1385, '2017-10-29 02:04:26'),
(752, 1, 898, '2017-10-29 02:04:50'),
(753, 1, 565, '2017-10-29 02:04:50'),
(754, 1, 612, '2017-10-29 02:05:00'),
(755, 1, 824, '2017-10-29 02:05:04'),
(756, 1, 140, '2017-10-29 02:05:06'),
(757, 1, 601, '2017-10-29 02:05:07'),
(758, 1, 625, '2017-10-29 02:05:08'),
(759, 1, 132, '2017-10-29 02:05:10'),
(760, 1, 118, '2017-10-29 02:05:16'),
(761, 1, 592, '2017-10-29 02:05:18'),
(762, 1, 572, '2017-10-29 02:05:47'),
(763, 1, 1386, '2017-10-29 02:05:51'),
(764, 1, 563, '2017-10-29 02:05:58'),
(765, 1, 109, '2017-10-29 02:05:59'),
(766, 1, 79, '2017-10-29 02:07:03'),
(767, 1, 1387, '2017-10-29 02:07:47'),
(768, 1, 116, '2017-10-29 02:08:03'),
(769, 1, 590, '2017-10-29 02:08:21'),
(770, 1, 1388, '2017-10-29 02:08:21'),
(771, 1, 568, '2017-10-29 02:08:33'),
(772, 1, 1389, '2017-10-29 02:09:01'),
(773, 1, 827, '2017-10-29 02:09:11'),
(774, 1, 257, '2017-10-29 02:09:30'),
(775, 1, 559, '2017-10-29 02:09:30'),
(776, 1, 645, '2017-10-29 02:09:41'),
(777, 1, 576, '2017-10-29 02:09:47'),
(778, 1, 826, '2017-10-29 02:09:51'),
(779, 1, 561, '2017-10-29 02:10:08'),
(780, 1, 1390, '2017-10-29 02:10:14'),
(781, 1, 842, '2017-10-29 02:10:17'),
(782, 1, 868, '2017-10-29 02:10:25'),
(783, 1, 368, '2017-10-29 02:10:29'),
(784, 1, 843, '2017-10-29 02:10:31'),
(785, 1, 586, '2017-10-29 02:10:35'),
(786, 1, 28, '2017-10-29 02:10:36'),
(787, 1, 834, '2017-10-29 02:10:56'),
(788, 1, 1391, '2017-10-29 02:11:04'),
(789, 1, 1392, '2017-10-29 02:11:12'),
(790, 1, 839, '2017-10-29 02:12:00'),
(791, 1, 829, '2017-10-29 02:12:07'),
(792, 1, 837, '2017-10-29 02:12:08'),
(793, 1, 569, '2017-10-29 02:12:29'),
(794, 1, 551, '2017-10-29 02:12:32'),
(795, 1, 541, '2017-10-29 02:12:33'),
(796, 1, 555, '2017-10-29 02:13:33'),
(797, 1, 1393, '2017-10-29 02:14:47'),
(798, 1, 273, '2017-10-29 02:15:15'),
(799, 1, 1394, '2017-10-29 02:16:20'),
(800, 1, 1395, '2017-10-29 02:16:49'),
(801, 1, 885, '2017-10-29 02:17:03'),
(802, 1, 1396, '2017-10-29 02:17:30'),
(803, 1, 1397, '2017-10-29 02:18:09'),
(804, 1, 1398, '2017-10-29 02:18:22'),
(805, 1, 606, '2017-10-29 02:18:22'),
(806, 1, 841, '2017-10-29 02:18:43'),
(807, 1, 914, '2017-10-29 02:18:52'),
(808, 1, 836, '2017-10-29 02:19:13'),
(809, 1, 489, '2017-10-29 02:19:55'),
(810, 1, 503, '2017-10-29 02:20:13'),
(811, 1, 1399, '2017-10-29 02:20:34'),
(812, 1, 1400, '2017-10-29 02:21:35'),
(813, 1, 1079, '2017-10-29 02:22:20'),
(814, 1, 1401, '2017-10-29 02:24:37'),
(815, 1, 1402, '2017-10-29 02:25:56'),
(816, 1, 1403, '2017-10-29 02:26:18'),
(817, 1, 918, '2017-10-29 02:26:18'),
(818, 1, 553, '2017-10-29 02:26:48'),
(819, 1, 575, '2017-10-29 02:26:49'),
(820, 1, 574, '2017-10-29 02:27:01'),
(821, 1, 656, '2017-10-29 02:27:38'),
(822, 1, 268, '2017-10-29 02:27:54'),
(823, 1, 1404, '2017-10-29 02:28:14'),
(824, 1, 1405, '2017-10-29 02:28:28'),
(825, 1, 14, '2017-10-29 02:28:36'),
(826, 1, 138, '2017-10-29 02:29:11'),
(827, 1, 1406, '2017-10-29 02:29:31'),
(828, 1, 426, '2017-10-29 02:30:11'),
(829, 1, 1407, '2017-10-29 02:30:15'),
(830, 1, 1408, '2017-10-29 02:30:40'),
(831, 1, 1409, '2017-10-29 02:31:25'),
(832, 1, 1410, '2017-10-29 02:31:45'),
(833, 1, 1411, '2017-10-29 02:33:07'),
(834, 1, 1412, '2017-10-29 02:33:25'),
(835, 1, 1413, '2017-10-29 02:33:30'),
(836, 1, 1414, '2017-10-29 02:33:31'),
(837, 1, 910, '2017-10-29 02:33:33'),
(838, 1, 800, '2017-10-29 02:33:35'),
(839, 1, 1415, '2017-10-29 02:33:52'),
(840, 1, 1416, '2017-10-29 02:34:02'),
(841, 1, 1417, '2017-10-29 02:34:10'),
(842, 1, 763, '2017-10-29 02:34:25'),
(843, 1, 761, '2017-10-29 02:35:01'),
(844, 1, 384, '2017-10-29 02:42:03'),
(845, 1, 724, '2017-10-29 02:42:43'),
(846, 1, 201, '2017-10-29 02:43:57'),
(847, 1, 1418, '2017-10-29 02:45:17'),
(848, 1, 1419, '2017-10-29 02:45:21'),
(849, 1, 998, '2017-10-29 02:45:47'),
(850, 1, 1420, '2017-10-29 02:46:23'),
(851, 1, 1421, '2017-10-29 02:47:18'),
(852, 1, 1422, '2017-10-29 02:47:49'),
(853, 1, 1423, '2017-10-29 02:48:01'),
(854, 1, 394, '2017-10-29 02:48:18'),
(855, 1, 1126, '2017-10-29 02:48:23'),
(856, 1, 611, '2017-10-29 02:48:25'),
(857, 1, 636, '2017-10-29 02:49:09'),
(858, 1, 633, '2017-10-29 02:49:23'),
(859, 1, 634, '2017-10-29 02:49:24'),
(860, 1, 1424, '2017-10-29 02:49:28'),
(861, 1, 639, '2017-10-29 02:49:29'),
(862, 1, 638, '2017-10-29 02:49:40'),
(863, 1, 1425, '2017-10-29 02:50:28'),
(864, 1, 255, '2017-10-29 02:52:21'),
(865, 1, 1426, '2017-10-29 02:53:51'),
(866, 1, 1427, '2017-10-29 02:54:32'),
(867, 1, 1428, '2017-10-29 02:55:24'),
(868, 1, 1429, '2017-10-29 02:56:28'),
(869, 1, 1430, '2017-10-29 02:56:29'),
(870, 1, 1431, '2017-10-29 02:58:06'),
(871, 1, 1432, '2017-10-29 02:58:40'),
(872, 1, 587, '2017-10-29 02:59:35'),
(873, 1, 588, '2017-10-29 02:59:39'),
(874, 1, 577, '2017-10-29 02:59:44'),
(875, 1, 416, '2017-10-29 02:59:52'),
(876, 1, 594, '2017-10-29 03:00:19'),
(877, 1, 144, '2017-10-29 03:00:49'),
(878, 1, 1433, '2017-10-29 03:00:59'),
(879, 1, 33, '2017-10-29 03:03:07'),
(880, 1, 678, '2017-10-29 03:06:23'),
(881, 1, 1147, '2017-10-29 03:07:41'),
(882, 1, 646, '2017-10-29 03:10:07'),
(883, 1, 1434, '2017-10-29 03:11:05'),
(884, 1, 676, '2017-10-29 03:13:14'),
(885, 1, 663, '2017-10-29 03:13:37'),
(886, 1, 669, '2017-10-29 03:13:48'),
(887, 1, 852, '2017-10-29 03:18:07'),
(888, 1, 291, '2017-10-29 03:20:49'),
(889, 1, 581, '2017-10-29 03:22:41'),
(890, 1, 1435, '2017-10-29 03:22:53'),
(891, 1, 1436, '2017-10-29 03:27:24'),
(892, 1, 279, '2017-10-29 03:27:35'),
(893, 1, 274, '2017-10-29 03:27:42'),
(894, 1, 1437, '2017-10-29 03:28:44'),
(895, 1, 589, '2017-10-29 03:34:23'),
(896, 1, 609, '2017-10-29 03:34:53'),
(897, 1, 600, '2017-10-29 03:35:04'),
(898, 1, 1438, '2017-10-29 03:35:10'),
(899, 1, 235, '2017-10-29 03:38:10'),
(900, 1, 119, '2017-10-29 03:38:43'),
(901, 1, 1439, '2017-10-29 03:40:34'),
(902, 1, 1440, '2017-10-29 03:44:52'),
(903, 1, 1441, '2017-10-29 03:45:37'),
(904, 1, 1442, '2017-10-29 03:46:08'),
(905, 1, 1443, '2017-10-29 03:46:43'),
(906, 1, 610, '2017-10-29 03:58:47'),
(907, 1, 1444, '2017-10-29 04:28:22'),
(908, 1, 740, '2017-10-29 04:35:37'),
(909, 1, 1445, '2017-10-29 05:07:32'),
(910, 1, 1446, '2017-10-29 05:39:46'),
(911, 1, 1447, '2017-10-29 05:46:29'),
(912, 1, 408, '2017-10-29 06:12:53'),
(913, 1, 1448, '2017-10-29 06:13:14'),
(914, 1, 1449, '2017-10-29 06:13:59'),
(915, 1, 420, '2017-10-29 06:14:20'),
(916, 1, 415, '2017-10-29 06:16:55');

-- --------------------------------------------------------

--
-- Struktur dari tabel `tb_kelompok`
--

CREATE TABLE `tb_kelompok` (
  `id` int(11) NOT NULL,
  `namakelompok` varchar(30) NOT NULL,
  `iddesa` int(11) NOT NULL
) ENGINE=InnoDB DEFAULT CHARSET=utf8mb4;

--
-- Dumping data untuk tabel `tb_kelompok`
--

INSERT INTO `tb_kelompok` (`id`, `namakelompok`, `iddesa`) VALUES
(1, 'Sukagalih', 1),
(2, 'Citepus', 1),
(3, 'Pajajaran Barat', 1),
(4, 'Pajajaran Timur', 1),
(5, 'Sukawarna', 1),
(6, 'Sukaraja', 1),
(7, 'Babakan Jeruk', 1),
(8, 'Gagak', 2),
(9, 'Gagak Barat', 2),
(10, 'Sukma', 2),
(11, 'Perumnas', 2),
(12, 'Sadang Serang', 2),
(13, 'Sd Serang Timur', 3),
(14, 'Neglasari', 3),
(15, 'Bojong Kacor', 3),
(16, 'Bojong Kaler', 3),
(17, 'Cibeunying Raya', 3),
(18, 'Babakan Baru', 3),
(19, 'Bijaksana', 4),
(20, 'Ciumbuleuit', 4),
(21, 'Sukamaju (Cipaganti)', 4),
(22, 'Sukajadi', 4),
(23, 'Dago Pojok', 5),
(24, 'Dago Asri', 5),
(25, 'Tubagus', 5),
(26, 'Manteos', 5),
(27, 'Sukamulya', 6),
(28, 'Langen Sari', 6),
(29, 'Sukamaju (Lembang)', 6),
(30, 'Panorama', 6),
(31, 'Cibogo', 6),
(32, 'Cibodas', 6),
(33, 'Cijeruk', 6),
(34, 'GBO', 7),
(35, 'Denser', 7),
(36, 'Kancah', 7),
(37, 'Panyairan', 7),
(38, 'Sarijadi Barat', 8),
(39, 'Sarijadi Timur', 8),
(40, 'Gn. Batu Barat', 8),
(41, 'Gn. Batu Timur', 8),
(42, 'Gerlong', 9),
(43, 'Sukasari', 9),
(44, 'Sarikaso', 9),
(45, 'Girang', 9),
(46, 'Darussalam 1', 10),
(47, 'Darussalam 2', 10),
(48, 'Sukaluyu', 10),
(49, 'GBI', 11),
(50, 'Pasir Pogor', 11),
(51, 'SBM', 11),
(52, 'Bahagia Permai', 11),
(53, 'Margacinta', 11),
(54, 'Ciganitri Mukti', 11),
(55, 'GBA', 11),
(56, 'Margahayu Barat', 12),
(57, 'Margahayu Selatan', 12),
(58, 'Margahayu Utara', 12),
(59, 'Kembar Barat', 13),
(60, 'Kembar Timur', 13),
(61, 'Pasir Luyu', 13),
(62, 'Pasir Salam', 13),
(63, 'Moch Ramdan', 13),
(64, 'Kota Baru', 13),
(65, 'Nitipraja', 13),
(66, 'Parasdi', 14),
(67, 'Pasadena', 14),
(68, 'Panjunan', 14),
(69, 'Panyileukan', 14),
(70, 'Pasirkoja', 14),
(71, 'Sukaleueur', 14),
(72, 'Cibolerang', 14),
(73, 'Cipicung Barat', 15),
(74, 'Cipicung Timur', 15),
(75, 'Kertamanah', 15),
(76, 'Manggahang', 15),
(77, 'Munjul', 15),
(78, 'Palasari', 15),
(79, 'Dayeuhkolot', 15),
(80, 'PPM', 15),
(81, 'Cimaung', 16),
(82, 'Nambo', 16),
(83, 'Pangalengan', 16),
(84, 'Cijulang', 16),
(85, 'Cipaku', 17),
(86, 'Barujati', 17),
(87, 'KBSI', 17),
(88, 'Cidawolong', 17),
(89, 'Bojong', 18),
(90, 'Pongporang', 18),
(91, 'Muara', 18),
(92, 'Haurbuyut', 18),
(93, 'Sukma 2', 18),
(94, 'Sukma 3', 18),
(95, 'Cibaduyut', 19),
(96, 'TKI', 19),
(97, 'Permako', 19),
(98, 'Burujul', 19),
(99, 'Marken', 19),
(100, 'Kopo permai', 19),
(101, 'Margahayu Permai', 19),
(102, 'Soreang 1', 20),
(103, 'Soreang 2', 20),
(104, 'Warlob 1', 20),
(105, 'Warlob 2', 20),
(106, 'Junti', 20),
(107, 'Ciwidey', 20),
(108, 'Bowling', 21),
(109, 'Indramayu', 21),
(110, 'Jatiwangi', 21),
(111, 'Mandala Jati', 21),
(112, 'Mekarsari', 21),
(113, 'Sarimas', 21),
(114, 'Arum Sari 1', 22),
(115, 'Arum Sari 2', 22),
(116, 'Atlas', 22),
(117, 'Baksum', 22),
(118, 'Ampera', 23),
(119, 'Cicaheum I', 23),
(120, 'Cicaheum II', 23),
(121, 'Padasuka', 23),
(122, 'Wiranta', 23),
(123, 'Bojong Koneng', 24),
(124, 'Linggar', 24),
(125, 'Cikopo', 24),
(126, 'Cikancung', 24),
(127, 'Cibiru Wetan', 25),
(128, 'Pandanwangi', 25),
(129, 'Panyileukan', 25),
(130, 'Permata Biru', 25),
(131, 'Jatinangor', 26),
(132, 'Cibeusi', 26),
(133, 'Cijati', 26),
(134, 'Citra', 26),
(135, 'Baitul Manshurin', 26),
(136, 'Citra', 26),
(137, 'Babakan Jati', 27),
(138, 'Jatimulya', 27),
(139, 'Sekajati', 27),
(140, 'Talaga Bodas', 27),
(141, 'Warung Jambu', 27),
(142, 'Anyer', 28),
(143, 'Cibangkong', 28),
(144, 'Cikaso', 28),
(145, 'Kebon Gedang', 28),
(146, 'Malabar', 28),
(147, 'Maleer', 28),
(148, 'Al Awwabin', 29),
(149, 'Kencana 1', 29),
(150, 'Kencana 2', 29),
(151, 'Kencana 3', 29),
(152, 'Binamarga', 30),
(153, 'Cilengkrang', 30),
(154, 'Panghegar Selatan', 30),
(155, 'Panghegar Utara', 30),
(156, 'Sukamaju', 30),
(157, 'Cijambe Barat', 31),
(158, 'Cijambe Timur', 31),
(159, 'Jati Endah', 31),
(160, 'Pasir Jati', 31),
(161, 'Simpay Asih', 31),
(162, 'Victory Land', 31),
(163, 'Malebar', 32),
(164, 'Teratai', 32),
(165, 'Sudirman', 32),
(166, 'Jatayu', 32),
(167, 'Cempaka', 32),
(168, 'Uswatun Hasanah', 33),
(169, 'Holis', 33),
(170, 'Nur Salim', 33),
(171, 'Almunawaroh', 34),
(172, 'Perumnas', 34),
(173, 'Pharmindo 1', 34),
(174, 'Pharmindo 2', 34),
(175, 'Melong Green 1', 35),
(176, 'Melong Green 2', 35),
(177, 'Cijerah', 35),
(178, 'Bahari', 36),
(179, 'Sukaraja', 36),
(180, 'Sabilahrosyidin (Paskum)', 36),
(181, 'Cibogo', 37),
(182, 'Alamanda', 37),
(183, 'Cibeber', 37),
(184, 'Baktisuci', 37),
(185, 'PPM', 37),
(186, 'Mutiara', 38),
(187, 'Pesantren', 38),
(188, 'Ciababat', 38),
(189, 'Manglayang', 38),
(190, 'An Nur', 39),
(191, 'Purbasari', 39),
(192, 'Buciper', 39),
(193, 'Padasuka', 39),
(194, 'Sriwijaya', 39),
(195, 'Al Afwa', 40),
(196, 'Permata', 40),
(197, 'Cipageran', 40),
(198, 'Kertajaya', 41),
(199, 'Ciburay', 41),
(200, 'Cikalong', 41),
(201, 'Sinar Jaya', 42),
(202, 'Cililin', 42),
(203, 'Marokon', 42),
(204, 'Cipatik', 42);

-- --------------------------------------------------------

--
-- Struktur dari tabel `tb_peserta`
--

CREATE TABLE `tb_peserta` (
  `id` int(11) NOT NULL,
  `nama` varchar(50) NOT NULL,
  `jeniskelamin` char(1) NOT NULL,
  `iddaerah` int(11) NOT NULL,
  `iddesa` int(11) NOT NULL,
  `idkelompok` int(11) NOT NULL
) ENGINE=InnoDB DEFAULT CHARSET=utf8mb4;

--
-- Dumping data untuk tabel `tb_peserta`
--

INSERT INTO `tb_peserta` (`id`, `nama`, `jeniskelamin`, `iddaerah`, `iddesa`, `idkelompok`) VALUES
(1, 'Alifia Nur Hanifa', 'P', 1, 1, 7),
(2, 'Kukuh Budiarsi', 'P', 1, 1, 7),
(3, 'Lulu Nisaa Mahmuudah', 'P', 1, 1, 7),
(4, 'Arienda Kayysu Rizqiany', 'P', 1, 1, 2),
(5, 'Dita Zharifah', 'P', 1, 1, 2),
(6, 'Titis L', 'P', 1, 1, 2),
(7, 'Dias Khairinisa', 'P', 1, 1, 3),
(8, 'Muhammad Ramdhan Fathiyakan', 'L', 1, 1, 3),
(9, 'Sarah Rizki Nurhanifa', 'P', 1, 1, 3),
(10, 'Zeina Murrihah Caroline', 'P', 1, 1, 3),
(11, 'Adi Abdul Halim', 'L', 1, 1, 4),
(12, 'Auliya Insani', 'P', 1, 1, 4),
(13, 'Hadah Mualimah', 'P', 1, 1, 1),
(14, 'Muhammad Faisal Darojatun', 'L', 1, 1, 1),
(15, 'Rae Sita Viani', 'P', 1, 1, 1),
(16, 'Sabila Resdiyana', 'P', 1, 1, 1),
(17, 'Dimas Satrio Beladino', 'L', 1, 1, 6),
(18, 'Mochamad Firman Alansyori', 'L', 1, 1, 6),
(19, 'Tri Budi Nurhasanah', 'P', 1, 1, 5),
(20, 'Ezzah Fathinah', 'P', 1, 2, 8),
(21, 'Fadlan Alyyan Dwi Putra', 'L', 1, 2, 8),
(22, 'Firdaus Abdillah', 'L', 1, 2, 8),
(23, 'Firman Ramdhani', 'L', 1, 2, 8),
(24, 'Grozny Mudhofar L. Banic', 'L', 1, 2, 8),
(25, 'Hezman Qoshidy Sholeh', 'L', 1, 2, 8),
(26, 'Inat Shani Fathuna', 'P', 1, 2, 8),
(27, 'Kamila Fara H', 'P', 1, 2, 8),
(28, 'Lany Fauziah Prasenda', 'P', 1, 2, 8),
(29, 'Lucky Kasturi Prasenda', 'P', 1, 2, 8),
(30, 'M. Khidir Abdurrohman', 'L', 1, 2, 8),
(31, 'Mecca Nurhadi', 'L', 1, 2, 8),
(32, 'Medina Nur Rizki', 'P', 1, 2, 8),
(33, 'Muchamad Harry Yudha Pratama', 'L', 1, 2, 8),
(34, 'Naufal Afif Abdurohman', 'L', 1, 2, 8),
(35, 'Novanda Jessa Charda', 'L', 1, 2, 8),
(36, 'Pertiwi Wahyu Hartani', 'P', 1, 2, 8),
(37, 'Sylvia Dini Anggraeni', 'P', 1, 2, 8),
(38, 'Agnie Imania Wildan', 'P', 1, 2, 9),
(39, 'Arief Dwi Nuryanto', 'L', 1, 2, 9),
(40, 'Asep Wijaya Rahman', 'L', 1, 2, 9),
(41, 'Herdita Permana', 'L', 1, 2, 9),
(42, 'Hudani Akbar', 'L', 1, 2, 9),
(43, 'Luthfianisa Rayyani', 'P', 1, 2, 9),
(44, 'Nuury Risna Maulani', 'P', 1, 2, 9),
(45, 'Ridwan Ferindika Maulana', 'L', 1, 2, 9),
(46, 'Ruziq Maulana', 'L', 1, 2, 9),
(47, 'Aprillia Lana Nurfauziana', 'P', 1, 2, 11),
(48, 'Chomsaniarti Nur Utami Puteri', 'P', 1, 2, 11),
(49, 'Dwitania Kemala', 'P', 1, 2, 11),
(50, 'Indana Zulfa', 'P', 1, 2, 11),
(51, 'Triska Nurita', 'P', 1, 2, 11),
(52, 'Wina Parlina', 'P', 1, 2, 11),
(53, 'Yuki Dwi Pratiwi', 'P', 1, 2, 11),
(54, 'Alfi Fauziansyah', 'L', 1, 2, 12),
(55, 'Aris Setiawan', 'L', 1, 2, 12),
(56, 'Armadeo Husein', 'L', 1, 2, 12),
(57, 'Daud Aldy Pratama', 'L', 1, 2, 12),
(58, 'Destiara Aulia Royani', 'P', 1, 2, 12),
(59, 'Dewi Fajriani', 'P', 1, 2, 12),
(60, 'Imam Alromu Husein', 'L', 1, 2, 12),
(61, 'Kamila Choirunnisa', 'P', 1, 2, 12),
(62, 'Rizkya Dwi Utami', 'P', 1, 2, 12),
(63, 'Syafitri Nur Aulia', 'P', 1, 2, 12),
(64, 'Wahid Ahyaruddin', 'L', 1, 2, 12),
(65, 'Agung Nugroho', 'L', 1, 2, 10),
(66, 'Angga Ramadhan', 'L', 1, 2, 10),
(67, 'Cacha Ariesta Aprilla', 'P', 1, 2, 10),
(68, 'Chris Sanjaya', 'L', 1, 2, 10),
(69, 'Putri Nur Azizah', 'P', 1, 2, 10),
(70, 'Raden Dion Dhirasatwika', 'L', 1, 2, 10),
(71, 'Ruly Firdaus', 'L', 1, 2, 10),
(72, 'Uswatun Hasanah', 'P', 1, 2, 10),
(73, 'Aulia Widianti', 'P', 1, 3, 18),
(74, 'Muhammad Awalul Aberer', 'L', 1, 3, 18),
(75, 'Akbar Hidayatulloh', 'L', 1, 3, 15),
(76, 'Randy Pramidya Nugraha', 'L', 1, 3, 16),
(77, 'Firyal Amalya Rizta', 'P', 1, 3, 17),
(78, 'Muhammad Nadiv Aldhi', 'L', 1, 3, 17),
(79, 'Muhammad Rizka Anugrah', 'L', 1, 3, 17),
(80, 'Putut Indahwati', 'P', 1, 3, 17),
(81, 'Rani Annisa Royani', 'P', 1, 3, 17),
(82, 'Syifa Afrarizta', 'P', 1, 3, 17),
(83, 'Aji Nur Fadli', 'L', 1, 3, 14),
(84, 'Al Ubaidah Pratama Tanjung', 'L', 1, 3, 14),
(85, 'Andrian Taufiq Nur Rachman', 'L', 1, 3, 14),
(86, 'Fajar Ramdani', 'L', 1, 3, 14),
(87, 'Pinanggih Prastyagi Fauzan', 'L', 1, 3, 14),
(88, 'Putra Angga Dwi Laksono', 'L', 1, 3, 14),
(89, 'Raisa', 'P', 1, 3, 14),
(90, 'Reno Aditya Cahya', 'L', 1, 3, 14),
(91, 'Rizqa Soraya Agnia', 'P', 1, 3, 14),
(92, 'Salma Dita', 'P', 1, 3, 14),
(93, 'Yupi Rachmawati', 'P', 1, 3, 14),
(94, 'Rohmat Shodiqin', 'L', 1, 3, 13),
(95, 'Fajar Achmad Fardyaz', 'L', 1, 4, 19),
(96, 'Aisya Qisthi Zulfiani', 'P', 1, 4, 22),
(97, 'Annisa Cahaya Firdaus', 'P', 1, 4, 22),
(98, 'Dicky Sulthon Auliya', 'L', 1, 4, 22),
(99, 'Muhammad Rizki Aflahul Muzhidin', 'L', 1, 4, 22),
(100, 'Nurul Khairunnisa', 'P', 1, 4, 22),
(101, 'Choiri Ammalia', 'P', 1, 4, 21),
(102, 'Fitria Nur Aini', 'P', 1, 4, 21),
(103, 'Khrisna Nandika', 'L', 1, 4, 21),
(104, 'Mohammad Irsyad', 'L', 1, 4, 21),
(105, 'Muhammad Hilmi Fauzan', 'L', 1, 4, 21),
(106, 'Ramzi', 'L', 1, 4, 21),
(107, 'Rizki Muhammad', 'L', 1, 4, 21),
(108, 'Aditya Rizky Anugrah', 'L', 1, 5, 24),
(109, 'Afyan Cholil Asyari', 'L', 1, 5, 24),
(110, 'Alina Listiyani Prayogo', 'P', 1, 5, 24),
(111, 'Alyssa Fadhilla', 'P', 1, 5, 24),
(112, 'Andina Ramadhani R', 'P', 1, 5, 24),
(113, 'Anisa Nur Arifa', 'P', 1, 5, 24),
(114, 'Arjun Kusuma Sakti', 'L', 1, 5, 24),
(115, 'Danang Afnan Hudaya', 'L', 1, 5, 24),
(116, 'Dhimas Upadyandaru S. B', 'L', 1, 5, 24),
(117, 'Dias Nuryamsi', 'P', 1, 5, 24),
(118, 'Fahmi Ramdhani', 'L', 1, 5, 24),
(119, 'Faqih Mualim', 'L', 1, 5, 24),
(120, 'Farah Dhiya Zahrani', 'P', 1, 5, 24),
(121, 'Farhan Alauddin', 'L', 1, 5, 24),
(122, 'Fatimah Putri Nur Wijayanti', 'P', 1, 5, 24),
(123, 'Fenni Asista Nihaya', 'P', 1, 5, 24),
(124, 'Hazmi Andreanur', 'L', 1, 5, 24),
(125, 'Ibnu Rizky Ratnanta', 'L', 1, 5, 24),
(126, 'Irbad Muhtarom Oktariandi', 'L', 1, 5, 24),
(127, 'Khoerudin Alfi Syahri', 'L', 1, 5, 24),
(128, 'Kholillah Yudicia Isnaeni', 'P', 1, 5, 24),
(129, 'Mashica Abdul Soleh', 'L', 1, 5, 24),
(130, 'Miftakhul Afrizal Ricko Primantara', 'L', 1, 5, 24),
(131, 'Muh. Fadel Hidayat Marzuki', 'L', 1, 5, 24),
(132, 'Muh. Khasan Abdurrohman', 'L', 1, 5, 24),
(133, 'Muhammad Affan Arroyan', 'L', 1, 5, 24),
(134, 'Muhammad Sefano Nur Aziiz', 'L', 1, 5, 24),
(135, 'Muhammd Hafish Zafran Ghaly', 'L', 1, 5, 24),
(136, 'Nadhifa Sophia Salsabila', 'P', 1, 5, 24),
(137, 'Nadhira Riezkya', 'P', 1, 5, 24),
(138, 'Nurfahmi Yusuf Hadimar Putra', 'L', 1, 5, 24),
(139, 'Rahman Fitra Perdana', 'L', 1, 5, 24),
(140, 'Rahmat Fauzan Dwi Hargo Putro', 'L', 1, 5, 24),
(141, 'Ramadhan Gerry Akbar', 'L', 1, 5, 24),
(142, 'Ramya Daksa Mandhana', 'L', 1, 5, 24),
(143, 'Rizal Fauzi', 'L', 1, 5, 24),
(144, 'Rizko Ramdhani', 'L', 1, 5, 24),
(145, 'Safira Sabilla Rosyad', 'P', 1, 5, 24),
(146, 'Shafire Erdia Anjani', 'P', 1, 5, 24),
(147, 'Sidiq Amin', 'L', 1, 5, 24),
(148, 'Sri Melina', 'P', 1, 5, 24),
(149, 'Teja Abdullah Al-Mujahid', 'L', 1, 5, 24),
(150, 'Zulfa Wahyu Wijaya', 'L', 1, 5, 24),
(151, 'Ahmad Kasmudi Nasrullah', 'L', 1, 5, 23),
(152, 'Alda Tazkia Fadhilah', 'P', 1, 5, 23),
(153, 'Ari Sugiarti', 'P', 1, 5, 23),
(154, 'Arina Sabilarizka', 'P', 1, 5, 23),
(155, 'Aulia Binti Tsania', 'P', 1, 5, 23),
(156, 'Azka Syafa Firdaus', 'L', 1, 5, 23),
(157, 'Dini Dwi Nastiti', 'P', 1, 5, 23),
(158, 'Duto Hakim Maulana', 'L', 1, 5, 23),
(159, 'Dyfan Aji Kusworo', 'L', 1, 5, 23),
(160, 'Erfika Mahardini', 'P', 1, 5, 23),
(161, 'Erza Hasbi Fadhilah', 'L', 1, 5, 23),
(162, 'Evi Fat-Hiah Abdul Khalid', 'P', 1, 5, 23),
(163, 'Fadhila Prameswari', 'P', 1, 5, 23),
(164, 'Fadillah Rosyad', 'L', 1, 5, 23),
(165, 'Fadli Abdul Aziz', 'L', 1, 5, 23),
(166, 'Fahmi Fauzan Aprianto', 'L', 1, 5, 23),
(167, 'Farah Nadya', 'P', 1, 5, 23),
(168, 'Figo Agriel Meaghan', 'L', 1, 5, 23),
(169, 'Firdaus Harsha Soesilo', 'L', 1, 5, 23),
(170, 'Firdaus Rachmat Wijaya', 'L', 1, 5, 23),
(171, 'Gayatri Ayu Andari', 'P', 1, 5, 23),
(172, 'Hilman Nur Faizi', 'L', 1, 5, 23),
(173, 'Humaira Khoirun Nisa', 'P', 1, 5, 23),
(174, 'Irsyad Giovanni', 'L', 1, 5, 23),
(175, 'Ita Nurmalia', 'P', 1, 5, 23),
(176, 'Khairunnisa Mardiyati', 'P', 1, 5, 23),
(177, 'Lucky Fauzan Paris', 'L', 1, 5, 23),
(178, 'M. Ibad Guthwara', 'L', 1, 5, 23),
(179, 'Mohamad Barik Bahari', 'L', 1, 5, 23),
(180, 'Muhammad Assiddiqqi Meilandi', 'L', 1, 5, 23),
(181, 'Muhammad Salman Alkufy', 'L', 1, 5, 23),
(182, 'Mutiara Hasanah', 'P', 1, 5, 23),
(183, 'Nadya Astianur Putri', 'P', 1, 5, 23),
(184, 'Nurul Aghni', 'P', 1, 5, 23),
(185, 'Panca Dyah Setiarti', 'P', 1, 5, 23),
(186, 'Pradipta Oktarian', 'L', 1, 5, 23),
(187, 'Rafidan Triadji', 'L', 1, 5, 23),
(188, 'Randika Tijana Firdaus', 'L', 1, 5, 23),
(189, 'Retnadiah Puteri Utami', 'P', 1, 5, 23),
(190, 'Reza Marjan', 'L', 1, 5, 23),
(191, 'Rihanal Firaus Perdana', 'L', 1, 5, 23),
(192, 'Rizki Bagus Arsa', 'L', 1, 5, 23),
(193, 'Sofiana Nur Khasanah', 'P', 1, 5, 23),
(194, 'Sufran Taufik Ulil Azmi', 'L', 1, 5, 23),
(195, 'Sulton Fadlillah Wijawanto', 'L', 1, 5, 23),
(196, 'Thalia Almiranda', 'P', 1, 5, 23),
(197, 'Uswatun Khasanah Enggar Saptaningrum', 'P', 1, 5, 23),
(198, 'Wildan Bani Adam', 'L', 1, 5, 23),
(199, 'Yuliana Pratiwi', 'P', 1, 5, 23),
(200, 'Zulfa Fadila', 'P', 1, 5, 23),
(201, 'Abdur Rochman', 'L', 1, 5, 26),
(202, 'Andri Fauzan Adziima', 'L', 1, 5, 26),
(203, 'Ilham Ashiddiqy Yusuf', 'L', 1, 5, 26),
(204, 'M Abdussalaam Hudanagara', 'L', 1, 5, 26),
(205, 'Muhammad Faisal Fath', 'L', 1, 5, 26),
(206, 'Risna Annisa Nur Hasanah', 'P', 1, 5, 26),
(207, 'Ristami Annisa Nur Hasanah', 'P', 1, 5, 26),
(208, 'Ainur Rifqi Nadzori', 'L', 1, 5, 25),
(209, 'Aisyah Diah Larasati', 'P', 1, 5, 25),
(210, 'Alya Kamila Hanif', 'P', 1, 5, 25),
(211, 'Aris Akbar Prabowo', 'L', 1, 5, 25),
(212, 'Batara Najuma Fitrian', 'L', 1, 5, 25),
(213, 'Bayu Juliansyah', 'L', 1, 5, 25),
(214, 'Bellyza Bilqissari', 'P', 1, 5, 25),
(215, 'Dewi Sekar Arum', 'P', 1, 5, 25),
(216, 'Dita Octaviana', 'P', 1, 5, 25),
(217, 'Eka Fahmi Miftahudin', 'L', 1, 5, 25),
(218, 'Emiral Firchan Jeehad', 'L', 1, 5, 25),
(219, 'Fadhil Imam Kurnia', 'L', 1, 5, 25),
(220, 'Fadli Khairul', 'L', 1, 5, 25),
(221, 'Fahmi Abdillah Sambodo', 'L', 1, 5, 25),
(222, 'Faizal Abdul A.', 'L', 1, 5, 25),
(223, 'Fajar Achmad F', 'L', 1, 5, 25),
(224, 'Fitri Annisail Karimah', 'P', 1, 5, 25),
(225, 'Fitryza Rahmisari', 'P', 1, 5, 25),
(226, 'Ghiffary Azka Nur Aulia', 'P', 1, 5, 25),
(227, 'Hafizh Muhammad Rasyid', 'L', 1, 5, 25),
(228, 'Ibnu Khilmansyah Azroqueldo', 'L', 1, 5, 25),
(229, 'Intan Pratidina Prayitno', 'P', 1, 5, 25),
(230, 'Ismail Abdul Azis', 'L', 1, 5, 25),
(231, 'Lifardi Muhammad', 'L', 1, 5, 25),
(232, 'Maharya Ali Mugni', 'L', 1, 5, 25),
(233, 'Marfujia Perrmata Sari', 'P', 1, 5, 25),
(234, 'Mohammad Kensha Yordan Vitrano', 'L', 1, 5, 25),
(235, 'Muhammad Fajar Fadhil Khoir', 'L', 1, 5, 25),
(236, 'Novia Nur Annisa', 'P', 1, 5, 25),
(237, 'Putri Handayani', 'P', 1, 5, 25),
(238, 'Raden Abdurrahman Akbar', 'L', 1, 5, 25),
(239, 'Ramadhan Adhyza Farhan', 'L', 1, 5, 25),
(240, 'Rangga Bary Utama', 'L', 1, 5, 25),
(241, 'Reza Maulana Firdaus', 'L', 1, 5, 25),
(242, 'Riskie Ulvat Dinnita', 'P', 1, 5, 25),
(243, 'Rizal Abdan Syakuron', 'L', 1, 5, 25),
(244, 'Rully Marlnda', 'P', 1, 5, 25),
(245, 'Sabrina Ainun Auliya Sari', 'P', 1, 5, 25),
(246, 'Septasia Dwi Angfika', 'P', 1, 5, 25),
(247, 'Siska Kurnia Wati', 'P', 1, 5, 25),
(248, 'Soffiah Suci Ayu Andany', 'P', 1, 5, 25),
(249, 'Tri Hardiono', 'L', 1, 5, 25),
(250, 'Yustafadha Azida Khoiri', 'L', 1, 5, 25),
(251, 'Zakaria Arya Prabowo', 'L', 1, 5, 25),
(252, 'Fauzan Abdurrohman', 'L', 1, 6, 31),
(253, 'Muhammad Ihsan Heryudha', 'L', 1, 6, 35),
(254, 'Dini Adillah', 'P', 1, 6, 30),
(255, 'N. Faza', 'P', 1, 6, 30),
(256, 'Anggia Miftah', 'P', 1, 6, 29),
(257, 'Putra Habib Dhitareka', 'L', 1, 6, 29),
(258, 'Yuke Yulianti Andari', 'P', 1, 6, 29),
(259, 'Karina Maretha Gunawan', 'P', 1, 6, 27),
(260, 'Fauziah Nur Achmad', 'P', 1, 7, 35),
(261, 'Rifqi Abdillah Hariyanto Putra', 'L', 1, 7, 35),
(262, 'Diana Yultiara', 'P', 1, 7, 34),
(263, 'Agung Ramdhani', 'L', 1, 7, 36),
(264, 'Ridwan Zanjabila', 'L', 1, 7, 36),
(265, 'Chirzan Tunta Ju Gagah Perkasa', 'L', 1, 7, 37),
(266, 'Syifa Andismah Zitta', 'P', 1, 7, 37),
(267, 'Bilaa Kaifa', 'P', 1, 8, 40),
(268, 'Deantyo Nugroho', 'L', 1, 8, 40),
(269, 'Deviana Putri', 'P', 1, 8, 40),
(270, 'Karina', 'P', 1, 8, 40),
(271, 'Muhammad Satryo Prawindra', 'L', 1, 8, 40),
(272, 'Reza Ismail Hasan', 'L', 1, 8, 40),
(273, 'Annisa Anabella', 'P', 1, 8, 41),
(274, 'Ayunda Novita Permatasari', 'P', 1, 8, 41),
(275, 'Azka Magfira Injani', 'P', 1, 8, 41),
(276, 'Deska Hafsokh', 'P', 1, 8, 41),
(277, 'Fadla Ghina Dayanti', 'P', 1, 8, 41),
(278, 'Karina Mareta Gunawan', 'P', 1, 8, 41),
(279, 'Luthfiyyah Aini', 'P', 1, 8, 41),
(280, 'Mega Ayu Puji Lestari', 'P', 1, 8, 41),
(281, 'Nafisyah Nabila', 'P', 1, 8, 41),
(282, 'Ricke Aulia Desviandini', 'P', 1, 8, 41),
(283, 'Rizza Umamah', 'P', 1, 8, 41),
(284, 'Wildan Gunawan', 'L', 1, 8, 41),
(285, 'Yafsahillah Agustin', 'P', 1, 8, 41),
(286, 'Mochamad Taufan Eka Saputra', 'L', 1, 8, 38),
(287, 'Abdi Ridho Vira Prakasa Yudha', 'L', 1, 8, 38),
(288, 'Fitri Nurlaili', 'P', 1, 8, 38),
(289, 'Galang Hidayatullah Firdaus', 'L', 1, 8, 38),
(290, 'Hazman Sabilla Rosyada', 'L', 1, 8, 38),
(291, 'Ilham Fadhilah', 'L', 1, 8, 38),
(292, 'M Ifans', 'L', 1, 8, 38),
(293, 'Nurul Nijma', 'P', 1, 8, 38),
(294, 'Sabika Rahmah Imani', 'P', 1, 8, 38),
(295, 'Septi Nurul', 'P', 1, 8, 38),
(296, 'Sifa Aribah H.', 'P', 1, 8, 38),
(297, 'Fadlillah Ariani', 'P', 1, 8, 39),
(298, 'Faqih Dimas Muhammad', 'L', 1, 8, 39),
(299, 'Firly Aulia Akbar', 'L', 1, 8, 39),
(300, 'Friwidya Aulia', 'P', 1, 8, 39),
(301, 'Givani Muzkarina', 'P', 1, 8, 39),
(302, 'Mohammad Jihannudin A', 'L', 1, 8, 39),
(303, 'Muhammad Gina', 'L', 1, 8, 39),
(304, 'Muhammad Wahyu Aziz', 'L', 1, 8, 39),
(305, 'Novia Giana', 'P', 1, 8, 39),
(306, 'Setiawan', 'L', 1, 8, 39),
(307, 'Siti Warsini', 'P', 1, 8, 39),
(308, 'Tyas Prihandini', 'P', 1, 8, 39),
(309, 'Abdullah Akbar Maulana', 'L', 1, 9, 42),
(310, 'Allen Dio Pradityo', 'L', 1, 9, 42),
(311, 'Alpaini Azzahra', 'P', 1, 9, 42),
(312, 'Alya Nurhasana', 'P', 1, 9, 42),
(313, 'Anita Tejasati', 'P', 1, 9, 42),
(314, 'Apif Rosyidi', 'L', 1, 9, 42),
(315, 'Bayu Rahayu', 'L', 1, 9, 42),
(316, 'Danang Kusuma Aji', 'L', 1, 9, 42),
(317, 'Delza Yustia Vondona', 'P', 1, 9, 42),
(318, 'Destri Islamiyati Putri', 'P', 1, 9, 42),
(319, 'Diah Qusnul Khotimah', 'P', 1, 9, 42),
(320, 'Gina Aulia Putri', 'P', 1, 9, 42),
(321, 'Ginan Nugroho', 'L', 1, 9, 42),
(322, 'Hanifa Aprilya Elwan', 'P', 1, 9, 42),
(323, 'Indri Niswanti', 'P', 1, 9, 42),
(324, 'Kharisma Galuh Kirana', 'P', 1, 9, 42),
(325, 'Kurnia Zulfatan', 'L', 1, 9, 42),
(326, 'Lely Nnur Widyanti', 'P', 1, 9, 42),
(327, 'Maisin Marsela', 'P', 1, 9, 42),
(328, 'Muhammad Ainur Rofiq', 'L', 1, 9, 42),
(329, 'Nisrina Laudza Nurzakiyah', 'P', 1, 9, 42),
(330, 'Rahmi Niswanti', 'P', 1, 9, 42),
(331, 'Resti Sri Utami', 'P', 1, 9, 42),
(332, 'Ririn Khusnul Hidayanti', 'P', 1, 9, 42),
(333, 'Rizka Luliana Nurazizah', 'P', 1, 9, 42),
(334, 'Rizki Ali Nugroho', 'L', 1, 9, 42),
(335, 'Rofix Rizky Pratama Aulia', 'L', 1, 9, 42),
(336, 'Sylvia Nova Kuntari', 'P', 1, 9, 42),
(337, 'Abdul Fatah', 'L', 1, 9, 45),
(338, 'Abi Manyu', 'L', 1, 9, 45),
(339, 'Adella Linta Dewi Apriliani', 'P', 1, 9, 45),
(340, 'Adella Suvy Fahriyatul Ahkam', 'P', 1, 9, 45),
(341, 'Afwan Al Azhari', 'L', 1, 9, 45),
(342, 'Ahmad Fadillah', 'L', 1, 9, 45),
(343, 'Ahmad Pramana Putra', 'L', 1, 9, 45),
(344, 'Amaliah Utami', 'P', 1, 9, 45),
(345, 'Anis Nuzila Rahmah', 'P', 1, 9, 45),
(346, 'Anne Mega Nugrayatri', 'P', 1, 9, 45),
(347, 'Aprilia Tri Dzuliani', 'P', 1, 9, 45),
(348, 'Beriliana Hapsari', 'P', 1, 9, 45),
(349, 'Desti Miftahus Solihah', 'P', 1, 9, 45),
(350, 'Dhea Mery Adhani', 'P', 1, 9, 45),
(351, 'Dimas Fadili Rohman', 'L', 1, 9, 45),
(352, 'Edistia Maulida Solihati', 'P', 1, 9, 45),
(353, 'Febrina Rizky', 'P', 1, 9, 45),
(354, 'Fildzah Ulvi Luthfillah', 'P', 1, 9, 45),
(355, 'Gigin Nurhifdi', 'L', 1, 9, 45),
(356, 'Hilman Muhammad Jordan', 'L', 1, 9, 45),
(357, 'Jeki Lorensa Al-Amin', 'L', 1, 9, 45),
(358, 'Leila Septina Tresna Sari', 'P', 1, 9, 45),
(359, 'Listie Camila Ningrum', 'P', 1, 9, 45),
(360, 'Mia Ulayyadina Sukamto', 'P', 1, 9, 45),
(361, 'Mira Anggraeni', 'P', 1, 9, 45),
(362, 'Muhammad Dzulfaqori J.', 'L', 1, 9, 45),
(363, 'Muhammad Irsyad Fathur Rahman', 'L', 1, 9, 45),
(364, 'Nadiyya Brigita Aiska', 'P', 1, 9, 45),
(365, 'Nurul Ezkanandtya', 'P', 1, 9, 45),
(366, 'Qisti Septia Wulandari Aglisa', 'P', 1, 9, 45),
(367, 'Rizaldy Achmad Nuraziz Abinoor', 'L', 1, 9, 45),
(368, 'Royan Ulul Fadli Ubaidillah', 'L', 1, 9, 45),
(369, 'Sabrina Khoirunnisa Sukamto', 'P', 1, 9, 45),
(370, 'Salimah Yusriyah', 'P', 1, 9, 45),
(371, 'Sandy Indriyanto', 'L', 1, 9, 45),
(372, 'Sinta Amalia Ningsih', 'P', 1, 9, 45),
(373, 'Syifa Jamiatun Faqih', 'P', 1, 9, 45),
(374, 'Tiara Yasmine Soraya', 'P', 1, 9, 45),
(375, 'Triana Muhamad Ridwan', 'L', 1, 9, 45),
(376, 'Utami Nurfajrini', 'P', 1, 9, 45),
(377, 'Abu Khasan Ubaidillah', 'L', 1, 9, 44),
(378, 'Fahmy Andini', 'P', 1, 9, 44),
(379, 'Indah Ratu Nurfadilla', 'P', 1, 9, 44),
(380, 'Qisthy Qurota Aina', 'P', 1, 9, 44),
(381, 'Rizkia Ramadhani', 'P', 1, 9, 44),
(382, 'Aafi Fakhruddin', 'L', 1, 9, 43),
(383, 'Abdullah Suryo Adi', 'L', 1, 9, 43),
(384, 'Abidzar Aulia Sutarno Putra', 'L', 1, 9, 43),
(385, 'Ade Rahmat Hidayatullah', 'L', 1, 9, 43),
(386, 'Agni Fauzullah', 'L', 1, 9, 43),
(387, 'Aulia Ayu Puspasari', 'P', 1, 9, 43),
(388, 'Diajeng Amara Sheba', 'P', 1, 9, 43),
(389, 'Dimas Ichyar Lutfhiatna', 'L', 1, 9, 43),
(390, 'Erika Rahmayanti', 'P', 1, 9, 43),
(391, 'Faizah', 'P', 1, 9, 43),
(392, 'Fauziah', 'P', 1, 9, 43),
(393, 'Firda Sahala', 'P', 1, 9, 43),
(394, 'Galih Rikaz', 'L', 1, 9, 43),
(395, 'Gebyar Wahyu Putra', 'L', 1, 9, 43),
(396, 'Ibnu Nur Faza', 'L', 1, 9, 43),
(397, 'Lulu Nur Jannah', 'P', 1, 9, 43),
(398, 'Maulana Fadhli Adana', 'L', 1, 9, 43),
(399, 'Mochammad Azka Jefferson F.', 'L', 1, 9, 43),
(400, 'Mohammad Kholifatu Imami', 'L', 1, 9, 43),
(401, 'Muhamad Taqin Nur Huda', 'L', 1, 9, 43),
(402, 'Muhammad Ifan Fauzan', 'L', 1, 9, 43),
(403, 'Muhammad Yuwan Aditya', 'L', 1, 9, 43),
(404, 'Muhammad Zaky Adnan', 'L', 1, 9, 43),
(405, 'Putri Sintia Sari', 'P', 1, 9, 43),
(406, 'Rhivangga Azka Aulia', 'L', 1, 9, 43),
(407, 'Sungguh Ibadi Syakur', 'L', 1, 9, 43),
(408, 'Muhammad Fahmi Irfansyah', 'L', 4, 11, 51),
(409, 'Muhammad Emir Auliya', 'L', 4, 11, 51),
(410, 'Ahmad Rosihan', 'L', 4, 11, 51),
(411, 'Hanif Nur Hidayah', 'L', 4, 11, 51),
(412, 'Nisa Nazalia', 'P', 4, 11, 51),
(413, 'Uni', 'P', 4, 11, 51),
(414, 'Rilo Ibrahim', 'L', 4, 11, 51),
(415, 'Ahmad Banu', 'L', 4, 11, 51),
(416, 'Robin Atmaja', 'L', 4, 11, 51),
(417, 'Rifqi Alex', 'L', 4, 11, 51),
(418, 'Oktariadi', 'L', 4, 11, 51),
(419, 'Faris', 'L', 4, 11, 51),
(420, 'Argo Ibrahim', 'L', 4, 11, 51),
(421, 'Ardhi Hamdani', 'L', 4, 11, 51),
(422, 'Selvia Alex', 'P', 4, 11, 51),
(423, 'Bayu Achmad Fadilah', 'L', 4, 11, 54),
(424, 'Laras Puspa', 'P', 4, 11, 54),
(425, 'Desti Miftahus Solihah', 'P', 4, 11, 54),
(426, 'Abdillah Hadi Wijaya', 'P', 4, 11, 54),
(427, 'Salsabila Hanny Rahmawaty', 'P', 4, 11, 54),
(428, 'Ahmad Fadli R', 'L', 4, 11, 52),
(429, 'Novan Astono H', 'L', 4, 11, 52),
(430, 'Adina Kamaliarrahra', 'P', 4, 11, 52),
(431, 'Fanny Nur A', 'P', 4, 11, 52),
(432, 'Arini Firdausi', 'P', 4, 11, 52),
(433, 'Noviasmi H', 'P', 4, 11, 52),
(434, 'Lestiarini Lisanti', 'P', 4, 11, 52),
(435, 'Eva Ermawati', 'P', 4, 11, 52),
(436, 'Fahri Septian', 'L', 4, 11, 50),
(437, 'Wildan Arief', 'L', 4, 11, 50),
(438, 'Aulia Ichsan', 'L', 4, 11, 50),
(439, 'Fauzi Ramdhani', 'L', 4, 11, 50),
(440, 'Dina Yunita', 'P', 4, 11, 50),
(441, 'Diandra Tira F', 'P', 4, 11, 50),
(442, 'Suci Oktafianti', 'P', 4, 11, 50),
(443, 'Risma Maulani', 'P', 4, 11, 50),
(444, 'Syifa Nadia Adhani', 'P', 4, 11, 50),
(445, 'Ela Suryani', 'P', 4, 11, 50),
(446, 'Elyasa Fadl Abdillah', 'L', 4, 11, 55),
(447, 'Kania Safitri Dewi', 'P', 4, 11, 55),
(448, 'Luthfin Rahmatullah', 'L', 4, 11, 55),
(449, 'Nadiva Fadhila Rasyada', 'P', 4, 11, 55),
(450, 'Nisrina Arden Tamami', 'P', 4, 11, 55),
(451, 'Wahid M Firdaus', 'L', 4, 11, 49),
(452, 'M. Hanif Fadhillah', 'L', 4, 11, 49),
(453, 'M. Nuriqzen', 'L', 4, 11, 49),
(454, 'Dhila Rizki', 'L', 4, 11, 49),
(455, 'Falih Bagus Prasetyo', 'L', 4, 11, 53),
(456, 'Anisa Ulfa Mirananda', 'P', 4, 11, 53),
(457, 'Ilham Ferdian', 'L', 4, 11, 53),
(458, 'Nuranisa Khodijah', 'P', 4, 11, 53),
(459, 'Rizqia Awalu Kamila', 'P', 4, 11, 53),
(460, 'Tanti Fauziani Agustin', 'P', 4, 11, 53),
(461, 'Qinthara Aghnat', 'L', 4, 11, 53),
(462, 'Indah Y R', 'P', 4, 11, 53),
(463, 'Fadli Bagja Ramadhan', 'L', 4, 10, 46),
(464, 'Syakir Ramadhan', 'L', 4, 10, 48),
(465, 'Muhammad Triadi Putera', 'L', 4, 10, 46),
(466, 'Raja Muhammad Rafli', 'L', 4, 10, 48),
(467, 'Dina Rusyda', 'P', 4, 10, 46),
(468, 'Syifa Fitami Karina', 'P', 4, 10, 46),
(469, 'Anggi', 'P', 4, 10, 47),
(470, 'Meyprika Luckynda Putri', 'P', 4, 10, 47),
(471, 'Henif Fahmadini Ulya', 'P', 4, 10, 48),
(472, 'Endar S.K', 'L', 4, 13, 0),
(473, 'Hizbullah Aldiva F', 'L', 4, 13, 0),
(474, 'Martsad', 'L', 4, 13, 0),
(475, 'Kaysan Hafsani', 'L', 4, 13, 0),
(476, 'M. Nur Iman', 'L', 4, 13, 0),
(477, 'Kemal Sabian', 'L', 4, 13, 0),
(478, 'Nuzulla Firdaus', 'L', 4, 13, 0),
(479, 'Midkal Sulthon A', 'L', 4, 13, 0),
(480, 'Ilham Yazid', 'L', 4, 13, 0),
(481, 'Nadya Pitaloka', 'P', 4, 13, 0),
(482, 'Talita Jasmine F', 'P', 4, 13, 0),
(483, 'Isqina Rizqi Fiorentina', 'P', 4, 13, 0),
(484, 'Imron Hasani', 'L', 4, 13, 0),
(485, 'Fahri Majid', 'L', 4, 13, 0),
(486, 'Sesilia Hasanah', 'P', 4, 13, 0),
(487, 'Trian Ayunita Royani', 'P', 4, 13, 0),
(488, 'Hannan Azmudin', 'P', 4, 13, 0),
(489, 'Ivan Aliy Firdaus', 'L', 4, 13, 0),
(490, 'Miqdad Farisa F', 'L', 4, 13, 0),
(491, 'Hizqila Ayu Callista', 'P', 4, 13, 0),
(492, 'Rani Nuraini', 'P', 4, 13, 0),
(493, 'Khjolisa Dwi', 'P', 4, 13, 0),
(494, 'Triandi', 'L', 4, 13, 0),
(495, 'Andrian M Yusuf', 'L', 4, 13, 0),
(496, 'Sabila Nadia', 'P', 4, 13, 0),
(497, 'Sabila Bunga', 'P', 4, 13, 0),
(498, 'Dita Nur Fadillah', 'P', 4, 13, 0),
(499, 'M. Taufiq', 'L', 4, 13, 0),
(500, 'Sheilla', 'P', 4, 13, 0),
(501, 'Izza', 'L', 4, 13, 0),
(502, 'Krisna M. S.', 'L', 4, 14, 68),
(503, 'Ikhwan Arif Ramadhan', 'L', 4, 14, 68),
(504, 'Kinky Arini Fauzi', 'L', 4, 14, 68),
(505, 'Fatimah Nur Azizah', 'P', 4, 14, 68),
(506, 'Firda Nur Jannah', 'P', 4, 14, 66),
(507, 'Uci Salimah', 'P', 4, 14, 66),
(508, 'Irma Maryam', 'P', 4, 14, 66),
(509, 'M Ridwan Nashrulloh', 'L', 4, 14, 66),
(510, 'Safira Aghna Tajriya', 'P', 4, 14, 67),
(511, 'Nur Sabila Fitriana', 'P', 4, 14, 67),
(512, 'Vidia Nurmala Savitri', 'P', 4, 14, 67),
(513, 'Devi Rahmawati', 'P', 4, 14, 67),
(514, 'Rizky Fadillah K', 'L', 4, 14, 67),
(515, 'Farhan Naufal', 'L', 4, 14, 67),
(516, 'Irfan', 'L', 4, 14, 67),
(517, 'Muhammad Dalla Lilhaq', 'L', 4, 14, 71),
(518, 'Siti Nurlaeli', 'P', 4, 14, 71),
(519, 'Lailia Tsania Hidayati', 'P', 4, 14, 71),
(520, 'Amna Zulfa', 'P', 4, 14, 69),
(521, 'Hana Shella Fauziah', 'P', 4, 14, 69),
(522, 'Septiana Nur Safrida', 'P', 4, 14, 69),
(523, 'Astri Subagja', 'P', 4, 14, 70),
(524, 'Fiqih Nur Fauziah', 'P', 4, 14, 70),
(525, 'Muhtada Koyrudin', 'L', 4, 12, 56),
(526, 'Adam Taufiq Darmawan', 'L', 4, 12, 56),
(527, 'Faisal Akbar', 'L', 4, 12, 56),
(528, 'Fauzi Mirobbi', 'L', 4, 12, 56),
(529, 'Meliania A Asadilla', 'P', 4, 12, 58),
(530, 'Hafizal Fahnur Risfand', 'L', 4, 12, 58),
(531, 'Mikail Boron Alfisyahri Budiman', 'L', 4, 12, 57),
(532, 'Rizqi Maulana Chabibulloh', 'L', 4, 12, 57),
(533, 'Arief Abdul Rahman Saleh', 'L', 4, 12, 58),
(534, 'Ahmad Apandi', 'L', 4, 12, 58),
(535, 'Akyas Khaqqi Maulana', 'L', 5, 15, 80),
(536, 'Rizky Adhi Prasetyo', 'L', 5, 15, 80),
(537, 'Dora Silvia Aulia M.A.M', 'P', 5, 15, 80),
(538, 'Bonggo Dwi Cahyo', 'L', 5, 15, 80),
(539, 'Desca Setyadzikri Fathurrajab', 'L', 5, 15, 80),
(540, 'Muhamad Rifky Adhani', 'L', 5, 15, 80),
(541, 'Anindya Nur Azizah', 'P', 5, 15, 80),
(542, 'Arwida Endah Zuhari', 'P', 5, 15, 80),
(543, 'Aukha Luthfi Satriawan', 'L', 5, 15, 80),
(544, 'Azka Ivana Rahma', 'P', 5, 15, 80),
(545, 'Bayu Jefri Wibawa', 'L', 5, 15, 80),
(546, 'Chrisna Fiddin', 'L', 5, 15, 80),
(547, 'Danu Ridwanto', 'L', 5, 15, 80),
(548, 'Denni Huda Pratama', 'L', 5, 15, 80),
(549, 'Deyan Havith Dailamy', 'L', 5, 15, 80),
(550, 'Fatimah Kurniawati Putri', 'P', 5, 15, 80),
(551, 'Firdha Faizah', 'P', 5, 15, 80),
(552, 'Intan Larasati', 'P', 5, 15, 80),
(553, 'Irfan Muhammad Abyan', 'L', 5, 15, 80),
(554, 'Laily Fauziana', 'P', 5, 15, 80),
(555, 'Luthfia Ningrum K. M.', 'P', 5, 15, 80),
(556, 'Nita Nur Afni', 'P', 5, 15, 80),
(557, 'Samudra Ajri Kifli', 'L', 5, 15, 80),
(558, 'Siti Amraini Nur Hidayat', 'P', 5, 15, 80),
(559, 'Sofia Pradnya Paramitha', 'P', 5, 15, 80),
(560, 'Suci Destyandini', 'P', 5, 15, 80),
(561, 'Tri Imi Arifiani', 'P', 5, 15, 80),
(562, 'Ridwan Zanjabila', 'L', 5, 15, 80),
(563, 'Alfiani Riezky Puspita Dewi', 'P', 5, 15, 80),
(564, 'Andre Bahtiar Fauzi', 'L', 5, 15, 80),
(565, 'Annisa Romadona Fauzia', 'P', 5, 15, 80),
(566, 'Arinal Rahmat', 'L', 5, 15, 80),
(567, 'Azri Fathul Akbar', 'L', 5, 15, 80),
(568, 'Br Aufa Hudan Nasrullah', 'L', 5, 15, 80),
(569, 'Brilian Nasta Ina', 'P', 5, 15, 80),
(570, 'Danang Hary Nursidik', 'L', 5, 15, 80),
(571, 'Elvan Kadahrulsalam', 'L', 5, 15, 80),
(572, 'Fany Rizka Utami', 'P', 5, 15, 80),
(573, 'Fitra Zul Fahmi', 'L', 5, 15, 80),
(574, 'Ilham Aji Imanugraha Sakti', 'L', 5, 15, 80),
(575, 'Ilham Kurnia Eka Saputra', 'L', 5, 15, 80),
(576, 'Leina Zainabi Saifillah', 'P', 5, 15, 80),
(577, 'Lintang Arini', 'P', 5, 15, 80),
(578, 'Luluk Ardhia Pratidina', 'P', 5, 15, 80),
(579, 'M. Alfian Azhari', 'L', 5, 15, 80),
(580, 'Muhammad Ramzi Farhan', 'L', 5, 15, 80),
(581, 'Qorina Permata Rizki', 'P', 5, 15, 80),
(582, 'Rifky Abdul Khafid', 'L', 5, 15, 80),
(583, 'Rizal Latief Nurhuda', 'L', 5, 15, 80),
(584, 'Salsa Firdausiah', 'P', 5, 15, 80),
(585, 'Sobrun Jamil', 'L', 5, 15, 80),
(586, 'Biyan Ilham Akbar', 'L', 5, 15, 80),
(587, 'Dylla Cendana Ayu', 'P', 5, 15, 80),
(588, 'Farah Afiyahsyifa', 'P', 5, 15, 80),
(589, 'Fauzi Rofiq', 'L', 5, 15, 80),
(590, 'Hestu Rio Fahmi', 'L', 5, 15, 80),
(591, 'Iva Fernandya', 'P', 5, 15, 80),
(592, 'Latifa Nur Fitriana', 'P', 5, 15, 80),
(593, 'Meilasari Dewi', 'P', 5, 15, 80),
(594, 'Muhamad Khoirul Aulia', 'L', 5, 15, 80),
(595, 'Nafina Salma Setiawan', 'P', 5, 15, 80),
(596, 'Abu Abdirohman Rosikhun Nur Muttaqin', 'L', 5, 15, 80),
(597, 'Anggy Ariadini Rasyid', 'P', 5, 15, 80),
(598, 'Arju Rizqo Alfafa', 'L', 5, 15, 80),
(599, 'Basofi Nur Fatkhan', 'L', 5, 15, 80),
(600, 'Bunyamin Listiman', 'L', 5, 15, 80),
(601, 'Chanifa Mala Yatasannah', 'P', 5, 15, 80),
(602, 'Devfri Savira Ghaisani', 'P', 5, 15, 80),
(603, 'Fatkha Nuansa Putri', 'P', 5, 15, 80),
(604, 'Fauzan Maulana Hasan', 'L', 5, 15, 80),
(605, 'Febryan Khoirun Yusuf', 'L', 5, 15, 80),
(606, 'Filanito Abu Bakar Ismu Dhohir', 'L', 5, 15, 80),
(607, 'Finna Fadilla', 'P', 5, 15, 80),
(608, 'Firda Rahmansyah', 'P', 5, 15, 80),
(609, 'Ichsan Febrian', 'L', 5, 15, 80),
(610, 'Ihsanuddin Khristanto Dwi Nugroho', 'L', 5, 15, 80),
(611, 'Izhar Aulia Taqwa', 'L', 5, 15, 80),
(612, 'Kikin Nur Ulya Iindrawati', 'P', 5, 15, 80),
(613, 'Kun Faizah Febri Anintami', 'P', 5, 15, 80),
(614, 'Lazuardy Oka', 'L', 5, 15, 80),
(615, 'Muhammad Ahsanul Mukmin', 'L', 5, 15, 80),
(616, 'Muhammad Wildan Fauzi', 'L', 5, 15, 80),
(617, 'Nadya Saniyya Ramadhanti', 'P', 5, 15, 80),
(618, 'Rafly Zulfi Robbiansyah', 'L', 5, 15, 80),
(619, 'Sarah N S Setiawan', 'P', 5, 15, 80),
(620, 'Shabrina Nadhila Imania', 'P', 5, 15, 80),
(621, 'Syuhada Alfaqih Maulid Mahdar', 'L', 5, 15, 80),
(622, 'Tiffany Araqandi Firdausi', 'P', 5, 15, 80),
(623, 'Aan Yuni Adi Saputri', 'P', 5, 15, 80),
(624, 'Abdurrahman Prasetyo', 'L', 5, 15, 80),
(625, 'Agnolia Safira Rohmatin', 'P', 5, 15, 80),
(626, 'Alifia Zahra Firdaus', 'P', 5, 15, 80),
(627, 'Aries Chita Prawindi', 'P', 5, 15, 80),
(628, 'Auliya Sabila', 'P', 5, 15, 80),
(629, 'Difya Hajiza', 'P', 5, 15, 80),
(630, 'Era Arifiani Wijaya', 'P', 5, 15, 80),
(631, 'Iman Daffa Abubakar', 'L', 5, 15, 80),
(632, 'Linta Amalia Chasana', 'P', 5, 15, 80),
(633, 'Listya Lokeswara', 'P', 5, 15, 80),
(634, 'Luqman Rusdan Wiwaha', 'L', 5, 15, 80),
(635, 'Mohamad Hirzan Kifli', 'L', 5, 15, 80),
(636, 'Muhammad Faqihna Fiddin', 'L', 5, 15, 80),
(637, 'Muhammad Nugie Prasetyo', 'L', 5, 15, 80),
(638, 'Naufal Chandra Ahdilar', 'L', 5, 15, 80),
(639, 'Reza Setiawan', 'L', 5, 15, 80),
(640, 'Ryan Fatahilah', 'L', 5, 15, 80),
(641, 'Salsabilla Aliska Putri', 'P', 5, 15, 80),
(642, 'Vidya Kartika Dewi', 'P', 5, 15, 80),
(643, 'Wildan Ainun Solihah', 'P', 5, 15, 80),
(644, 'Zukhrufa Ken Satya Dien', 'P', 5, 15, 80),
(645, 'Puruhita Ananda Arsaningtyas', 'P', 5, 15, 80),
(646, 'Dzikri Falakh', 'L', 5, 15, 0),
(647, 'Aldi Azhar P', 'L', 5, 15, 0),
(648, 'Mulki Zulkarnaen', 'L', 5, 15, 0),
(649, 'Hasan Abdurrohim', 'L', 5, 15, 0),
(650, 'Nita Nuraini', 'P', 5, 15, 0),
(651, 'Habib Fathuroziq', 'L', 5, 15, 0),
(652, 'Muhammad Ilyasa', 'L', 5, 15, 0),
(653, 'Yusuf Firmansyah', 'L', 5, 15, 0),
(654, 'Saras Larasati', 'P', 5, 15, 0),
(655, 'A Ribbiyyun F', 'L', 5, 15, 0),
(656, 'Tradiga Nur Aziz', 'L', 5, 15, 0),
(657, 'Rizal Akbar', 'L', 5, 15, 0),
(658, 'Irfana Yaba Roshida', 'P', 5, 15, 0),
(659, 'Gina Kharisma Dewi', 'P', 5, 15, 0),
(660, 'Arrival Dwi S', 'L', 5, 15, 0),
(661, 'Roni Nurlana', 'L', 5, 15, 79),
(662, 'Putri Maulani', 'P', 5, 15, 0),
(663, 'Aris Abdul Rohman', 'L', 5, 15, 0),
(664, 'Neneng Nur Jannah', 'P', 5, 15, 0),
(665, 'Faza Intani', 'P', 5, 15, 0),
(666, 'Faiz Ridho H', 'L', 5, 15, 0),
(667, 'Agnia Mardasari', 'L', 5, 15, 0),
(668, 'Irfai R Falakh', 'L', 5, 15, 0),
(669, 'Riyan Ramadhan S', 'L', 5, 15, 0),
(670, 'Nanang Abdul R', 'L', 5, 15, 0),
(671, 'Famela Gita S', 'P', 5, 15, 0),
(672, 'Putri Nur Azizah', 'P', 5, 15, 0),
(673, 'Wahhid Nur H', 'L', 5, 15, 0),
(674, 'Atim Fadhila', 'P', 5, 15, 0),
(675, 'Nadila Salam', 'P', 5, 15, 0),
(676, 'M Fadhlin Ramadhika', 'L', 5, 15, 0),
(677, 'Bela Karimudin', 'L', 5, 19, 100),
(678, 'Johan Fauziansyah', 'L', 5, 19, 101),
(679, 'Muhammad Fadli', 'L', 5, 19, 99),
(680, 'Fakih Zulfa', 'L', 5, 19, 100),
(681, 'Ridwan Firdaus', 'L', 5, 19, 98),
(682, 'Nida Aulia Karima', 'P', 5, 19, 98),
(683, 'Nur Firdha R', 'P', 5, 19, 98),
(684, 'Dinda Azka Luluk', 'P', 5, 19, 100),
(685, 'Alya Fahmi Addini', 'P', 5, 19, 98),
(686, 'Fadila Andini', 'P', 5, 19, 101),
(687, 'Rifqi Ashari', 'L', 5, 19, 101),
(688, 'Eita Zanzabila', 'P', 5, 19, 101),
(689, 'Moch Arfahd Nasrollah', 'L', 5, 19, 95),
(690, 'Nadya Nurfitri', 'P', 5, 19, 95),
(691, 'Maya', 'P', 5, 19, 100),
(692, 'Rizka Fadilla', 'P', 5, 19, 98),
(693, 'M Aris Gunawan', 'L', 5, 19, 98),
(694, 'Dika Amanda Fuadillah', 'P', 5, 19, 95),
(695, 'Yani Sugianto', 'L', 5, 19, 99),
(696, 'Gina Fahmiarti F', 'P', 5, 17, 0),
(697, 'Rizaldhi Nurfaqih', 'L', 5, 17, 0),
(698, 'Muhammad Agnan Fauzi', 'L', 5, 17, 0),
(699, 'Ferlia Putri Rahmania', 'P', 5, 17, 0),
(700, 'Dhika Gilang Fauzi', 'L', 5, 17, 0),
(701, 'Gina Nur Alfi', 'P', 5, 17, 0),
(702, 'Rizaldho Nurfaqih', 'L', 5, 17, 0),
(703, 'Rofina Zuliani', 'P', 5, 17, 0),
(704, 'Yogi Abdul Rahman', 'L', 5, 16, 0),
(705, 'Bella Dini F', 'P', 5, 16, 0),
(706, 'Khisti', 'P', 5, 16, 0),
(707, 'Mochamad Fauzie', 'L', 5, 16, 0),
(708, 'Lupian Rusdi', 'L', 5, 16, 0),
(709, 'Kamal Tamarin', 'L', 5, 16, 0),
(710, 'Fahreza Zulki', 'L', 5, 16, 0),
(711, 'Fahmi Nur Hasan', 'L', 5, 18, 0),
(712, 'Rizal Fauzan', 'L', 5, 18, 89),
(713, 'Ira Purnama', 'P', 5, 18, 94),
(714, 'Nissa Nur Agnia', 'P', 5, 18, 92),
(715, 'Yasyfa A. N.', 'P', 5, 18, 92),
(716, 'Sheilla Fauzia Maretta', 'P', 5, 19, 101),
(717, 'Abizar Aria Ghifar', 'L', 3, 21, 108),
(718, 'Dina Yona Mardiyah', 'P', 3, 21, 108),
(719, 'M. Hafid Danang Jaya', 'L', 3, 21, 109),
(720, 'Noorza Adhi', 'L', 3, 21, 109),
(721, 'Hurin Salsabila', 'P', 3, 21, 109),
(722, 'Nadya Azka', 'P', 3, 21, 109),
(723, 'Rendi Fachrudzal', 'L', 3, 21, 110),
(724, 'Retno Annbarini', 'P', 3, 21, 110),
(725, 'Falima Nur', 'P', 3, 21, 110),
(726, 'Risti Rahayu', 'P', 3, 21, 110),
(727, 'Faradila Alwi', 'P', 3, 21, 110),
(728, 'M. Ihsan Alwi', 'L', 3, 21, 110),
(729, 'Alfarel Vandharta', 'L', 3, 21, 110),
(730, 'Susi Septiani', 'P', 3, 21, 110),
(731, 'Faizah Nuraini', 'P', 3, 21, 111),
(732, 'Agriansyah', 'L', 3, 21, 111),
(733, 'Anggi Andika Fahmi', 'L', 3, 21, 111),
(734, 'Muhammad Zulva Rasyid', 'L', 3, 21, 111),
(735, 'Nurul Ulfa Septiani', 'P', 3, 21, 111),
(736, 'Abdul Salam Al Fauji', 'L', 3, 21, 112),
(737, 'M. Rizki Miftah Fauzan', 'L', 3, 21, 112),
(738, 'Izul Fikri', 'L', 3, 21, 112),
(739, 'Maula Syalsabila Handrian', 'P', 3, 21, 112),
(740, 'Maulana Satria Wibowo', 'L', 3, 21, 112),
(741, 'Nurifah Arum', 'P', 3, 21, 112),
(742, 'Vania Rakhmadhani', 'P', 3, 21, 112),
(743, 'Wisnu Waris Rismawan', 'L', 3, 21, 113),
(744, 'Imei', 'P', 3, 21, 113),
(745, 'Maulidia Imelda', 'P', 3, 21, 113),
(746, 'Nindy', 'P', 3, 21, 113),
(747, 'Muhammad Hilman', 'L', 3, 22, 114),
(748, 'Dieni Nurul Ghina', 'P', 3, 22, 115),
(749, 'M Raka Kuncoro', 'L', 3, 22, 115),
(750, 'Andhi Aristian', 'L', 3, 22, 115),
(751, 'Hanifah Puspa', 'P', 3, 22, 115),
(752, 'Annisa Nurul Fadlila', 'P', 3, 22, 115),
(753, 'Riska Yuliana', 'P', 3, 22, 116),
(754, 'Riady Nur Fadhli', 'L', 3, 22, 116),
(755, 'Fika Arini Sabila', 'P', 3, 22, 116),
(756, 'Fainaya Noor Fadilah', 'P', 3, 22, 116),
(757, 'Muhammad Farhan', 'L', 3, 22, 116),
(758, 'Yeti Nur Ersita', 'P', 3, 22, 116),
(759, 'Hasan Aburrosyid', 'L', 3, 22, 117),
(760, 'Rizky Angga F S', 'L', 3, 23, 118),
(761, 'Reda Waritsunal F S', 'L', 3, 23, 118),
(762, 'Taufik N S', 'L', 3, 23, 118),
(763, 'Wiedanda Shinta Meidina', 'P', 3, 23, 118),
(764, 'Ahmad Riffai', 'L', 3, 23, 119),
(765, 'Muhammad Ikhwan', 'L', 3, 23, 119),
(766, 'Rai Rimba Raditia', 'L', 3, 23, 119),
(767, 'Fitri Noor Bilqis', 'P', 3, 23, 120),
(768, 'Dahlan Rhamdani', 'L', 3, 23, 121),
(769, 'Lina Nur Awalin', 'P', 3, 23, 121),
(770, 'Alma', 'P', 3, 23, 121),
(771, 'Zetta Niken Kurdian', 'P', 3, 23, 121),
(772, 'Muhammad Hasan', 'L', 3, 23, 122),
(773, 'Arif Darmawan', 'L', 3, 25, 127),
(774, 'Cindy Adellia', 'P', 3, 25, 127),
(775, 'Khoirun Nisha', 'P', 3, 25, 127),
(776, 'Dina Ayu Lestari', 'P', 3, 25, 127),
(777, 'Salsabila Dara', 'P', 3, 25, 127),
(778, 'Hasna Marhama', 'P', 3, 25, 127),
(779, 'Rosiana Wati', 'P', 3, 25, 127),
(780, 'Lilis Nurjanah', 'P', 3, 25, 127),
(781, 'Idea Mujhida', 'P', 3, 25, 127),
(782, 'Ghisela Nur Ramadhani', 'P', 3, 25, 127),
(783, 'Achmad Abdul Rofiq', 'L', 3, 25, 127),
(784, 'Dinna Shaffitri', 'P', 3, 25, 127),
(785, 'Abdurrohman', 'L', 3, 25, 127),
(786, 'Bahrudin', 'L', 3, 25, 127),
(787, 'Sinta Meilinda', 'P', 3, 25, 127),
(788, 'Supriati', 'P', 3, 25, 127),
(789, 'Syifa Utami Fajria', 'P', 3, 25, 127),
(790, 'Tesya Nur Khoirunnisa', 'P', 3, 25, 127),
(791, 'Wulan Yolanda', 'P', 3, 25, 127),
(792, 'Nur Indah P.D', 'P', 3, 25, 128),
(793, 'Dini Rosidah', 'P', 3, 25, 128),
(794, 'Gina Razkia', 'P', 3, 25, 128),
(795, 'Rinrin Rosilawati', 'P', 3, 25, 128),
(796, 'Ahmad Hafid', 'L', 3, 25, 128),
(797, 'Sulaiman Syah Jamal', 'L', 3, 25, 128),
(798, 'Ahmad Afandi', 'L', 3, 25, 128),
(799, 'Ainun Allisa Laily', 'P', 3, 25, 128),
(800, 'Aditya Arif', 'L', 3, 25, 128),
(801, 'Afrizal Kurniawan', 'L', 3, 25, 128),
(802, 'Amar Ma\'Ruf', 'L', 3, 25, 128),
(803, 'Muhammad Muhsi Al-Haq', 'L', 3, 25, 128),
(804, 'Royan Almasih', 'L', 3, 25, 128),
(805, 'Adelia Fitri', 'P', 3, 25, 128),
(806, 'Astriya Rahmi', 'P', 3, 25, 128),
(807, 'Dani Rosidin', 'L', 3, 25, 128),
(808, 'Luthfi Meinaldi', 'L', 3, 25, 128),
(809, 'Dea Adella', 'P', 3, 25, 128),
(810, 'Akmal Brilly Ashidiqi', 'L', 3, 25, 129),
(811, 'Rudhya Khoiru Sabella', 'P', 3, 25, 129),
(812, 'Adilla Alvianti', 'P', 3, 25, 129),
(813, 'Deni Mahmudin', 'L', 3, 25, 129),
(814, 'Fanny Sabila', 'P', 3, 25, 129),
(815, 'M. Alfian Nurhasan', 'L', 3, 25, 129),
(816, 'Rai Sugih Raharja', 'L', 3, 25, 129),
(817, 'Ifan', 'L', 3, 25, 130),
(818, 'Raka', 'L', 3, 25, 130),
(819, 'Ramadhan Rinjani', 'L', 3, 25, 130),
(820, 'Rama Ifandriana', 'L', 3, 25, 130),
(821, 'Iin Nuramalina', 'P', 3, 27, 137),
(822, 'Endah Khoiriah', 'P', 3, 27, 137),
(823, 'Syifa Latifa Zahida', 'P', 3, 27, 138),
(824, 'Hanna Nurcahya Hanifa', 'P', 3, 27, 138),
(825, 'Ahmad Fahri ', 'L', 3, 27, 139),
(826, 'Rajab Abdurrohman', 'L', 3, 27, 139),
(827, 'Regiana Dewi', 'P', 3, 27, 139),
(828, 'Syfa Nurafni Siregar', 'P', 3, 27, 139),
(829, 'Yahya Firdaus', 'L', 3, 27, 139),
(830, 'Karina Azka', 'P', 3, 27, 139),
(831, 'Maulana Yusuf Abdul Aziz', 'L', 3, 27, 139),
(832, 'Hasbi Dawam', 'L', 3, 27, 139),
(833, 'Alivia Risdan Arifin', 'P', 3, 27, 139),
(834, 'Lailita Nur Alia', 'P', 3, 27, 140),
(835, 'Yasmin Abyadanti Rahma', 'L', 3, 27, 137),
(836, 'Rizky Pauzi', 'L', 3, 27, 140),
(837, 'Shafira Aghnia Syeffiandini', 'P', 3, 27, 140),
(838, 'Sabila Ajrini Dyahmawarni', 'P', 3, 27, 140),
(839, 'Asadullah Maulana', 'L', 3, 27, 141),
(840, 'Bagus Ryan Budi Prakasa', 'L', 3, 27, 141),
(841, 'Rizkaufiant Bagus E P', 'L', 3, 27, 141),
(842, 'Rianti Astari Risyad', 'P', 3, 28, 142),
(843, 'Rizki Dara Kurota Ayunin', 'P', 3, 28, 142),
(844, 'M. Kaisan A', 'L', 3, 28, 142),
(845, 'Mesayu Nurizka A', 'P', 3, 28, 142),
(846, 'Royhan R', 'L', 3, 28, 142),
(847, 'Shella Fahmi Andini', 'p', 3, 28, 142),
(848, 'Nur Hasan Sidiq', 'L', 3, 28, 143),
(849, 'Mochamad Akmal Hizballoh', 'L', 3, 28, 143),
(850, 'Alfian H', 'L', 3, 28, 143),
(851, 'Choeron Nissa Aulia R', 'P', 3, 28, 143),
(852, 'Ichsan Hasbialoh', 'L', 3, 28, 143),
(853, 'M. Ridhwan', 'L', 3, 28, 143),
(854, 'Nita', 'P', 3, 28, 143),
(855, 'Bobi Ishak', 'L', 3, 28, 144),
(856, 'Ariel', 'L', 3, 28, 144),
(857, 'Fadli Abdillah', 'L', 3, 28, 144),
(858, 'Fitri Khoirun Nissa', 'P', 3, 28, 144),
(859, 'Nurhasanah Purwaningtyas', 'P', 3, 28, 144),
(860, 'Rizal Fadli', 'L', 3, 28, 144),
(861, 'Ida Fitri Arum Sari', 'P', 3, 28, 145),
(862, 'Fuzi Nur Royani', 'P', 3, 28, 145),
(863, 'Imania Rezqita Putri Yani', 'P', 3, 28, 145),
(864, 'Afrizal', 'L', 3, 28, 145),
(865, 'Wahdan Nurfa Afani Maulana', 'L', 3, 28, 145),
(866, 'Anggi Fahmi Maulana', 'L', 3, 28, 146),
(867, 'Yahya Fadlilah', 'L', 3, 28, 146),
(868, 'Uriya Rahmadina', 'P', 3, 28, 146),
(869, 'Azka Aulia Dini', 'P', 3, 28, 147),
(870, 'Ismaloh Hanif', 'P', 3, 28, 147),
(871, 'M. Fahmi Muslim', 'L', 3, 28, 147),
(872, 'Rhifti Nurul Hidayah Dwi Astuti', 'P', 3, 28, 147),
(873, 'Arienta Niadisya Ginting', 'P', 3, 30, 152),
(874, 'Fakhri Nashrudin Haq', 'L', 3, 30, 152),
(875, 'Muhammad Arief Maulana', 'L', 3, 30, 152),
(876, 'Andiani Nurul Fadilah', 'P', 3, 30, 153),
(877, 'Jihan Aulia Techa', 'P', 3, 30, 153),
(878, 'Rizqy Aulia Techa', 'P', 3, 30, 153),
(879, 'Ardi Farel Nugraha', 'L', 3, 30, 154),
(880, 'Aszahra Karimah Astari Putri', 'P', 3, 30, 154),
(881, 'Muhammad Ridwan Firdaus', 'L', 3, 30, 154),
(882, 'Rima Septivia Kusumawati', 'P', 3, 30, 154),
(883, 'Latief Setiawan', 'L', 3, 30, 155),
(884, 'Mar\'Ati Hifdi Adilla', 'P', 3, 30, 155),
(885, 'Fantyana Huwaida\'A', 'P', 3, 30, 156),
(886, 'Luthfia Nur Rachmah', 'P', 3, 30, 156),
(887, 'Muhammad Giovani', 'L', 3, 30, 156),
(888, 'Nur Dyna Bilkisti', 'P', 3, 30, 156),
(889, 'Pricella Fadhila Choirunnisa', 'P', 3, 30, 156),
(890, 'Rimba Nur Fauzan', 'L', 3, 30, 156),
(891, 'Ula Fatin Nida Sholicahah', 'P', 3, 30, 156),
(892, 'Wildan Firdaus', 'L', 3, 29, 148),
(893, 'Nadya Ferani Saradilla', 'P', 3, 29, 148),
(894, 'Mazaya Aulia Atsari', 'P', 3, 29, 148),
(895, 'Siti Febiyanti', 'P', 3, 29, 148),
(896, 'Izza Indah ', 'p', 3, 29, 148),
(897, 'Novy Sintha', 'P', 3, 29, 148),
(898, 'Windy Febrianti Adini', 'P', 3, 29, 148),
(899, 'Rifa\'I Nur Aziz', 'L', 3, 29, 149),
(900, 'Riska Aristiani', 'P', 3, 29, 149),
(901, 'Mochamad Sulthon Fauzan', 'L', 3, 29, 149),
(902, 'Afrizal Hadi', 'L', 3, 29, 149),
(903, 'M. Rofiq Hidayat', 'L', 3, 29, 149),
(904, 'Ahmad Bachtiar', 'L', 3, 29, 149),
(905, 'M Rijal Fakhri', '', 3, 29, 150),
(906, 'Ath Thaariq Eka', 'L', 3, 29, 150),
(907, 'Ida Laili', 'P', 3, 29, 150),
(908, 'Muhamad Gerald Rinaldy', 'L', 3, 29, 150),
(909, 'Raden Muhammad Rivaldi Fadlillah', 'L', 3, 29, 150),
(910, 'Adi Harja Sumantri', 'L', 3, 24, 125),
(911, 'Asep Saepudin', 'L', 3, 24, 125),
(912, 'Bima Mujahid Firdaus', 'L', 3, 24, 125),
(913, 'Dwi Nurini', 'P', 3, 24, 125),
(914, 'Echis Nur Fauziyah', 'P', 3, 24, 125),
(915, 'Eka Zayanti Nurhasanah', 'P', 3, 24, 125),
(916, 'Gani Aris Nurhakim', 'L', 3, 24, 126),
(917, 'Inggrid Suastika', 'P', 3, 24, 125),
(918, 'Lulu Novitasari', 'P', 3, 24, 124),
(919, 'Meyyin Qurrota Ayun', 'P', 3, 24, 123),
(920, 'Muhammad Sabna Aprila Khoirunnas', 'L', 3, 24, 123),
(921, 'Nurrizka Fajariani', 'P', 3, 24, 125),
(922, 'Nurwita Widyastuti', 'P', 3, 24, 123),
(923, 'Panji Muslim', 'L', 3, 24, 125),
(924, 'Lulu Haryanti', 'P', 3, 26, 131),
(925, 'Alfina Khoirunnisa', 'P', 3, 26, 131),
(926, 'Arina Nurfadillah', 'P', 3, 26, 131),
(927, 'Dini Rizka Candra Arum', 'P', 3, 26, 131),
(928, 'Sonia Vina Aulia', 'P', 3, 26, 131),
(929, 'Vicky Aulia Faza', 'P', 3, 26, 131),
(930, 'Debyana Rasri', 'P', 3, 26, 131),
(931, 'Dani Nur Aini', 'P', 3, 26, 131),
(932, 'Siti Yusriani', 'P', 3, 26, 131),
(933, 'Reksa Hutama', 'L', 3, 26, 134),
(934, 'Muhammad Ridwan', 'L', 3, 26, 133),
(935, 'Ahmad Fahri', 'L', 3, 26, 0),
(936, 'Tri Lisani', 'P', 3, 26, 131),
(937, 'Diah Ayu Marantika', 'P', 3, 26, 131),
(938, 'Restia Lasri Yumawan', 'P', 3, 26, 131),
(939, 'Sofie Rodiah Oktani', 'P', 3, 26, 131),
(940, 'Hafid', 'L', 3, 26, 133),
(941, 'Muhammad Rizki Fadela', 'L', 3, 26, 131),
(942, 'Abu Dohir Fakih', 'L', 3, 26, 131),
(943, 'Farid Aditya Rachmawan', 'L', 3, 26, 131),
(944, 'Firhan Maulana Pramono Putra', 'L', 3, 26, 131),
(945, 'Frabu Prakoso', 'L', 3, 26, 131),
(946, 'Ibrahim Surya Akmal', 'L', 3, 26, 131),
(947, 'Anggita Ryzkya Istiqomah', 'P', 3, 26, 131),
(948, 'Icha Aftotunnisa', 'P', 3, 26, 131),
(949, 'Indah Oktarilanisa Ss', 'P', 3, 26, 131),
(950, 'Nabila Lestari', 'P', 3, 26, 131),
(951, 'Evan Meigino Kamal', 'L', 3, 26, 131),
(952, 'Faiz Muhammad Hanif', 'L', 3, 26, 131),
(953, 'Muhammad Alvin Pratama', 'L', 3, 26, 131),
(954, 'Muhammad Abduh Bani', 'L', 3, 26, 131),
(955, 'Muhammad Afan Maulana', 'L', 3, 26, 131),
(956, 'Muhammad Rava Abdul Majid', 'L', 3, 26, 131),
(957, 'Aprinda Zulfa Muliana', 'P', 3, 26, 131),
(958, 'Dhea Amanda Livia', 'P', 3, 26, 131),
(959, 'Dita Agustin Purbayanti', 'P', 3, 26, 131),
(960, 'Dyah Ayu Nur Aisyiah', 'P', 3, 26, 131),
(961, 'Fathia Septiani', 'P', 3, 26, 131),
(962, 'Fatimah Choirunnissa', 'P', 3, 26, 131),
(963, 'Fita Nur Hania', 'P', 3, 26, 131),
(964, 'Fitri Fairuza', 'P', 3, 26, 131),
(965, 'Ghaisany Briliance Sh', 'P', 3, 26, 131),
(966, 'Karina Audia', 'P', 3, 26, 131),
(967, 'Luthfi Utami S', 'P', 3, 26, 131),
(968, 'Nenden Ayurianti', 'P', 3, 26, 131),
(969, 'Nur Aulia Khoirunnisa', 'P', 3, 26, 131),
(970, 'Nurul Amalina', 'P', 3, 26, 131),
(971, 'Nurul Fauziah', 'P', 3, 26, 131),
(972, 'Rafeeda Fauziyana', 'P', 3, 26, 131),
(973, 'Rizka Andriyani', 'P', 3, 26, 131),
(974, 'Rizky Aulia Khoirunnisa', 'P', 3, 26, 131),
(975, 'Yunita Hasnah Devina', 'P', 3, 26, 131),
(976, 'Zulfia Kamila Mutia', 'P', 3, 26, 131),
(977, 'Irfan Faisal', 'L', 3, 26, 132),
(978, 'Imam Wahono', 'L', 3, 26, 134),
(979, 'Rizal Fahmi', 'L', 3, 26, 134),
(980, 'Naura Aufa Allima', 'P', 3, 26, 134),
(981, 'Cahyo Sifaris', 'L', 3, 26, 131),
(982, 'Chusein Waliyulloh', 'L', 3, 26, 131),
(983, 'Choirul Widayanto', 'L', 3, 26, 131),
(984, 'Dimas Sulthon Ubaidillah', 'L', 3, 26, 131),
(985, 'Fauzan Rahman Zakaria', 'L', 3, 26, 131),
(986, 'Gilang Alghifari', 'L', 3, 26, 131),
(987, 'Iban Getarjati', 'L', 3, 26, 131),
(988, 'Khilal Khoiri Polanunu', 'L', 3, 26, 131),
(989, 'Muhammad Ilyas Arrofiq', 'L', 3, 26, 131),
(990, 'Muhammad Kenu', 'L', 3, 26, 131),
(991, 'Muhammad Satria Suyadi Putra', 'L', 3, 26, 131),
(992, 'Panji Rahmatullah', 'L', 3, 26, 131),
(993, 'Rijal Fauzan Mashuda', 'L', 3, 26, 131),
(994, 'Takdir Toyib Polanunu', 'L', 3, 26, 131),
(995, 'Kevin Fauzan', 'L', 3, 26, 131),
(996, 'Muhammad Fadlan Husni', 'L', 3, 26, 131),
(997, 'Muhammad Naufandi Nurfadhilah', 'L', 3, 26, 131),
(998, 'Riza Nurul Ihsan', 'L', 3, 26, 131),
(999, 'Yusril Pratama', 'L', 3, 26, 131),
(1000, 'Muhammad Septian', 'L', 3, 26, 131),
(1001, 'Nifta Nur Aulia', 'P', 3, 26, 135),
(1002, 'Alisya Aisa Achmad', 'P', 3, 26, 131),
(1003, 'Anbar Nisrina', 'P', 3, 26, 131),
(1004, 'Amelia Putri R', 'P', 3, 26, 131),
(1005, 'Anggit Ginia Fittri', 'P', 3, 26, 131),
(1006, 'Annisa Awid Pramitha', 'P', 3, 26, 131),
(1007, 'Annisa Imanugraha Putri', 'P', 3, 26, 131),
(1008, 'Annisa Rc', 'P', 3, 26, 131),
(1009, 'Belinda Alifa', 'P', 3, 26, 131),
(1010, 'Dara Citra Dewi', 'P', 3, 26, 131),
(1011, 'Devny Ayu', 'P', 3, 26, 131),
(1012, 'Dinan Adrian', 'P', 3, 26, 131),
(1013, 'Dinda Novia S', 'P', 3, 26, 131),
(1014, 'Dien Agniesta', 'P', 3, 26, 131),
(1015, 'Eka Amalia', 'P', 3, 26, 131),
(1016, 'Erika Fadhillah', 'P', 3, 26, 131),
(1017, 'Hasna Nurfaridah', 'P', 3, 26, 131),
(1018, 'Jasmine Bonita Firdausi', 'P', 3, 26, 131),
(1019, 'Lina Maghfira', 'P', 3, 26, 131),
(1020, 'Luciana Anjani', 'P', 3, 26, 131),
(1021, 'Maryam Aji K', 'P', 3, 26, 131),
(1022, 'Mentari', 'P', 3, 26, 131),
(1023, 'Minarti Eka Putri', 'P', 3, 26, 131),
(1024, 'Nikhita Agatha', 'P', 3, 26, 131),
(1025, 'Nindya Erni Safitri', 'P', 3, 26, 131),
(1026, 'Nurfitri Khoirunnisa', 'P', 3, 26, 131),
(1027, 'Rembulan Nur Latifani', 'P', 3, 26, 131),
(1028, 'Renasha Firda Hanaanisa', 'P', 3, 26, 131),
(1029, 'Rezsitta Oknine Husein', 'P', 3, 26, 131),
(1030, 'Riskie Ulvat Dinnita', 'P', 3, 26, 131),
(1031, 'Sahila Nida Laina', 'P', 3, 26, 131),
(1032, 'Salma Rizkya', 'P', 3, 26, 131),
(1033, 'Salma Sabrina', 'P', 3, 26, 131),
(1034, 'Savira Prasasti Andini', 'P', 3, 26, 131),
(1035, 'Shisi Khoiria Anjani', 'P', 3, 26, 131),
(1036, 'Tasya Inayah Hasanah', 'P', 3, 26, 131),
(1037, 'Yuyun Yunengsih', 'P', 3, 26, 131),
(1038, 'Ahmad Shofa Nurhasan', 'L', 3, 31, 161),
(1039, 'Ghania Anti Shabha', 'P', 3, 31, 158),
(1040, 'Millati Nurul Hasanah', 'P', 3, 31, 157),
(1041, 'Arricha Faiza', 'P', 3, 31, 158),
(1042, 'Arisna Gusfiani Nur Halimah', 'P', 3, 31, 159),
(1043, 'Annisa Meilani', 'P', 3, 31, 159),
(1044, 'Destiny Gemilang Putri', 'P', 3, 31, 161),
(1045, 'Hanifa Yusliha Rohmah', 'P', 3, 31, 158),
(1046, 'Jihad', 'L', 3, 31, 159),
(1047, 'Annissa Solihat', 'P', 3, 31, 158),
(1048, 'Agna Sita Novela', 'P', 3, 31, 162),
(1049, 'Luthfiana Afifah', 'P', 3, 31, 158),
(1050, 'Sandhy Muhammad', 'L', 3, 31, 162),
(1051, 'Veriant Rifki', 'L', 3, 31, 157),
(1052, 'Desilfa Dina N', 'P', 3, 31, 158),
(1053, 'Nur Huda Nugroho', 'L', 3, 31, 158),
(1054, 'Rohmana Putra', 'L', 3, 31, 158),
(1055, 'Agniadin Taufikin Azhar Muhammad', 'L', 3, 31, 159),
(1056, 'Husnul Roswindi Aulila', 'P', 3, 31, 0),
(1057, 'Auliana Gusfiani Nur Fadlillah', 'P', 3, 31, 159),
(1058, 'Allam Rizaldy', 'L', 3, 31, 161),
(1059, 'Fikrinur Reza', 'L', 3, 31, 161),
(1060, 'Fisela Amanda', 'P', 3, 31, 157),
(1061, 'Lulu Arfah Yuningsih', 'P', 3, 31, 160),
(1062, 'Awanda Dita Wubila', 'P', 2, 42, 0),
(1063, 'Sabrina Anissa Abdulloh', 'P', 2, 36, 0),
(1064, 'Muhammad Rizqi Prajab', 'L', 2, 41, 0),
(1065, 'Nabilla Nurilah', 'P', 2, 41, 0),
(1066, 'Fakhran Luthfil Ma\'Ruf', 'L', 2, 40, 0),
(1067, 'Jihan Alrasyid', 'L', 2, 33, 0),
(1068, 'Abeer Sultana Deborah', 'P', 2, 38, 0),
(1069, 'Aliyanto Sukmo Wibowo', 'L', 2, 39, 0),
(1070, 'Imam Fauzan Nugraha', 'L', 2, 38, 0),
(1071, 'Fathan Maulana Hidayat', 'L', 2, 34, 0),
(1072, 'M Lukman', 'L', 2, 34, 0),
(1073, 'Bill Ma\'Ruf', 'L', 2, 39, 0),
(1074, 'Muhamad Ilyas Mustafa', 'L', 2, 39, 0),
(1075, 'Luthfia Silmi', 'P', 2, 34, 0),
(1076, 'Silvi Wulandari', 'P', 2, 34, 0),
(1077, 'Hawari Dewi Nurlinta', 'P', 2, 38, 0),
(1078, 'Ulya Amaliyah', 'P', 2, 34, 0),
(1079, 'Anassa Qisti', 'P', 2, 40, 0),
(1080, 'Mustika Nita Hariyanti', 'P', 2, 39, 0),
(1081, 'Bhirawa Rakshapermana', 'L', 2, 37, 0),
(1082, 'Yendi Abdul Malik', 'L', 2, 34, 0),
(1083, 'Diana Putri', 'P', 2, 41, 0),
(1084, 'Amalia Rahmahdani', 'P', 2, 36, 0),
(1085, 'Afina Putri Puput', 'P', 2, 33, 0),
(1086, 'Riksa Amalia', 'P', 2, 40, 0),
(1087, 'Anisa Diara Putri', 'P', 2, 37, 0),
(1088, 'Ghina Annisa Akyas', 'P', 2, 39, 0),
(1089, 'Senny Hayyu Achmadi', 'P', 2, 36, 0),
(1090, 'Rizky Dian Ramadhani', 'P', 2, 37, 185),
(1091, 'Ida Hidayah', 'P', 2, 42, 0),
(1092, 'Chatur Nawang Caesari', 'P', 2, 37, 0),
(1093, 'Dimas Aji Wardhana', 'L', 2, 39, 0),
(1094, 'M Naufandi Nurfadillah', 'L', 2, 39, 0),
(1095, 'Adam Rifqi Fuadha', 'L', 2, 39, 0),
(1096, 'Zetsky Fanny D. F', 'L', 2, 39, 0),
(1097, 'Sarah Jihaan Q.A', 'P', 2, 39, 190),
(1098, 'Renata Adzani ', 'P', 2, 39, 190),
(1099, 'Fauziah Riska', 'P', 2, 39, 0),
(1100, 'Sarah Fauziah Akbari', 'P', 2, 39, 0),
(1101, 'Rava Abdul Majid', 'L', 2, 39, 0),
(1102, 'Chindera Rindhany S', 'P', 2, 35, 0),
(1103, 'Alda Maulana M S', 'L', 2, 39, 0),
(1104, 'Selia Aysiah', 'P', 2, 42, 0),
(1105, 'Nurul Sofiana Mutiadewi', 'P', 2, 37, 0),
(1106, 'Shena Natasya', 'P', 2, 37, 185),
(1107, 'Delia Ilfani', 'P', 2, 37, 0),
(1108, 'Arisa Tri Rahayu', 'P', 2, 35, 176),
(1109, 'Rian Ardiansyah', 'L', 2, 41, 0),
(1110, 'Bella Wahyu Ramadhan', 'L', 2, 32, 0),
(1111, 'Afandy Ahmad Husainy', 'L', 2, 32, 0),
(1112, 'Rivan Wahyudi', 'L', 2, 38, 187),
(1113, 'Ariska Nur Anjani', 'P', 2, 33, 169),
(1114, 'Ghifar Aulia Rachman', 'L', 2, 38, 186),
(1115, 'Ghina Rahmawati', 'P', 2, 33, 169),
(1116, 'Aliyantha Mohammad Berky Suhardian', 'L', 2, 32, 0),
(1117, 'Ainun Fauziah', 'P', 2, 37, 185),
(1118, 'Jihan Ratna Kumala Izzati', 'P', 2, 36, 0),
(1119, 'Khoirul Bariyyah', 'P', 2, 36, 0),
(1120, 'Monica Kaharunia Nurhidayah', 'P', 2, 42, 0),
(1121, 'Maghfirani Aulia Rachman', 'P', 2, 38, 0),
(1122, 'M Ismail Syaifuddin', 'L', 2, 39, 0),
(1123, 'Fahmi Abdul Hafid', 'L', 2, 39, 0),
(1124, 'M Youri Alkayyis', 'L', 2, 39, 0),
(1125, 'Susan Damayanti', 'P', 2, 36, 179),
(1126, 'Medina Choirunnisa', 'P', 2, 40, 195),
(1127, 'Hasna Ghinannisa', 'P', 2, 40, 195),
(1128, 'Lina Auliya Rochmah ', 'P', 2, 35, 175),
(1129, 'Salsabila Nurhafiyan Tidar', 'P', 2, 35, 175),
(1130, 'Syifa Fadilla Ylvianita', 'P', 2, 40, 196),
(1131, 'Vidi Aulia Rahman', 'P', 2, 35, 176),
(1132, 'Hawari Dewi Nurlinta', 'P', 2, 38, 186),
(1133, 'Dina Nur Oktavia', 'P', 2, 38, 186),
(1134, 'Ayu Novitasari', 'P', 2, 39, 190),
(1135, 'Fatma Wardhani', 'P', 2, 39, 193),
(1136, 'Eva Yusri Cahyati', 'P', 2, 36, 178),
(1137, 'Nadia Pertiwi', 'P', 2, 36, 179),
(1138, 'Seni', 'P', 2, 36, 179),
(1139, 'M. Rama Utomo', 'L', 2, 40, 195),
(1140, 'Herlambang Surya Jaya', 'L', 2, 40, 195),
(1141, 'Afina Putri Nur Fauzia', 'P', 2, 33, 170),
(1145, 'Deryalfi Fathudin', 'L', 1, 2, 11),
(1146, 'aulia binti tsania', 'P', 1, 5, 23),
(1147, 'Mochamad Ridwan Arif A.', 'L', 1, 3, 14),
(1148, 'Intan Nurfadilah', 'P', 1, 3, 14),
(1149, 'Vita Rahmayeni', 'P', 1, 3, 13),
(1150, 'Ryantari Dewi Utomo ', 'P', 2, 40, 195),
(1151, 'Ryantari Dewi Utomo ', 'P', 2, 40, 195),
(1152, 'Shisi Khoiria', 'P', 3, 26, 131),
(1153, 'Farulian Resti Pratiwi', 'P', 3, 26, 131),
(1154, 'Mochamad ', 'L', 1, 5, 0),
(1155, 'Salmaa Shaberina', 'P', 3, 26, 131),
(1156, 'Laili Hesti Yuianti', 'P', 1, 9, 42),
(1157, 'Gerdi Abdi Salam', 'L', 5, 20, 104),
(1158, 'Rizka Yuliana', 'P', 1, 9, 42),
(1159, 'Mochammad', 'L', 1, 5, 23),
(1160, 'Mochammad', 'L', 1, 5, 23),
(1161, 'Zulfa Fadzlu Hudiya', 'P', 1, 9, 42),
(1162, 'Febi Fitra', 'L', 3, 25, 132),
(1163, 'Yustiana Alif Robbiyuan', 'P', 1, 9, 42),
(1164, 'Nadila Arsy Nurul Akhyari', 'P', 3, 26, 135),
(1165, 'Nadila Arsy Nurul Akhyari', 'P', 3, 26, 135),
(1166, 'Naila Bunga', 'P', 1, 9, 42),
(1167, 'Rafeeda Fauziyana', 'P', 3, 26, 131),
(1168, 'Novalia Sekarwangi', 'P', 1, 9, 42),
(1169, 'Aprillia Istiqomah ', 'P', 2, 42, 200),
(1170, 'Dian Pratiwi', 'P', 2, 42, 201),
(1171, 'Auliya Sabbiha', 'P', 1, 9, 42),
(1172, 'Rima Huswatun Chasanah', 'P', 2, 42, 201),
(1173, 'Rima Huswatun Chasanah', 'P', 2, 42, 201),
(1174, 'Rima Huswatun Chasanah', 'P', 2, 42, 201),
(1175, 'Arinda Sabrina', 'P', 1, 9, 42),
(1176, 'Diah Wieq Sekarlangit', 'P', 1, 9, 42),
(1177, 'Kaffa Kupita Robby', 'P', 1, 9, 42),
(1178, 'Huriyana Inas Sumaryan', 'P', 1, 9, 42),
(1179, 'Annisa Faqih Diini', 'P', 1, 5, 24),
(1180, 'Mohamad Azhar', 'L', 1, 9, 42),
(1181, 'Ramadhani barkah', 'L', 1, 9, 42),
(1182, 'Anita Nur Wahid Martiani', 'P', 1, 5, 24),
(1183, 'Muhammad Fuad Hasan', 'L', 1, 5, 23),
(1184, 'Rizkya Ramadhani', 'P', 1, 9, 44),
(1185, 'Dinia Sabila Nur Jannah', 'P', 1, 8, 41),
(1186, 'nurmali utami', 'P', 1, 9, 42),
(1187, 'Salisya Rizkinta Utami', 'P', 1, 9, 45);
INSERT INTO `tb_peserta` (`id`, `nama`, `jeniskelamin`, `iddaerah`, `iddesa`, `idkelompok`) VALUES
(1188, 'Teuku Muhammad Fadli Al Nafi', 'P', 3, 26, 132),
(1189, 'Anugrah Nur Hidayatulloh', 'P', 1, 8, 38),
(1190, 'Rizky Bagus Arsa', 'L', 1, 5, 23),
(1191, 'nur firdha rosdiana', 'P', 5, 19, 98),
(1192, 'Fitri Nur Laili', 'P', 1, 8, 38),
(1193, 'Firda Nurjannah', 'P', 2, 42, 202),
(1194, 'Novita Yuniarti', 'P', 2, 38, 186),
(1195, 'Kevin Oktavianov Abdurohman', 'L', 5, 20, 105),
(1196, 'Ratih Kemala Dewi', 'P', 1, 9, 42),
(1197, 'Diana aprilianti ', 'P', 5, 20, 105),
(1198, 'Adam Bisidqi', 'L', 2, 38, 186),
(1199, 'Adam Bisidqi', 'L', 2, 38, 186),
(1200, 'Adyatami Tanjung', 'P', 1, 5, 24),
(1201, 'Gina Reva Sandira', 'P', 1, 2, 9),
(1202, 'Rifky Ashari', 'L', 5, 19, 101),
(1203, 'EKA SUSILAWATI', 'P', 4, 14, 70),
(1204, 'Rizky Aulia Techa', 'P', 3, 30, 153),
(1205, 'Ahmad Fauzi Mutaqin', 'L', 1, 4, 19),
(1206, 'Rizki Ferry Ramdani', 'L', 1, 4, 19),
(1207, 'Nabil Azizi', 'L', 1, 5, 24),
(1208, 'Fatwa Azam Maulana', 'L', 1, 5, 24),
(1209, 'Rifqi Mochamad Nur Ridwan', 'L', 4, 11, 51),
(1210, 'Nadya Rafika Aulia', 'P', 5, 19, 98),
(1211, 'Nadya Rafika Aulia', 'P', 5, 19, 98),
(1212, 'Farhan Rimba', 'L', 5, 15, 75),
(1213, 'ferry ahmad hermana', 'L', 2, 34, 66),
(1214, 'Watsabit ala hudalloh', 'L', 1, 5, 23),
(1215, 'Watsabit ala hudalloh', 'L', 1, 5, 23),
(1216, 'Dara Nabila', 'P', 5, 19, 98),
(1217, 'Dimasfika Rizki Ramadhan', 'L', 5, 15, 80),
(1218, 'Royan Aulia', 'L', 1, 9, 42),
(1219, 'Muhammad Rizal Fahri', 'L', 3, 29, 149),
(1220, 'Rifai Nur Aziz', 'L', 3, 29, 149),
(1221, 'utami amalia', 'P', 1, 6, 28),
(1222, 'sinta amami', 'P', 1, 1, 1),
(1223, 'Feny', 'P', 5, 20, 104),
(1224, 'Gitta Mutiara ', 'P', 1, 9, 43),
(1225, 'Fahmi Miratul Hania', 'P', 5, 20, 104),
(1226, 'dela igna', 'P', 1, 6, 29),
(1227, 'Putri Aulia Bilqisty', 'P', 1, 6, 28),
(1228, 'Levana Bening Hafizh', 'P', 5, 20, 105),
(1229, 'alvi zainita', 'P', 1, 5, 25),
(1230, 'Een Trigustanti ', 'P', 1, 9, 45),
(1231, 'fatia rahmatika', 'P', 1, 3, 14),
(1232, 'fadillah bilqis', 'P', 3, 22, 116),
(1233, 'Muhammad Ridhwan', 'L', 3, 28, 143),
(1234, 'nurhasan sidiq', 'L', 3, 28, 143),
(1235, 'Aulia Dwi Ramadhita', 'P', 1, 4, 22),
(1236, 'Aulia Dwi Ramadhita', 'P', 1, 4, 22),
(1237, 'Affandy Ahmad Husain', 'L', 2, 32, 146),
(1238, 'Aditya Wildan Pahmi ', 'L', 2, 32, 163),
(1239, 'Afrizal Iman Sabilia', 'L', 3, 28, 145),
(1240, 'Ahrizal Sohih', 'L', 1, 3, 14),
(1241, 'Ananda Marwanayan Putra', 'L', 1, 5, 24),
(1242, 'Hanafi Ibnu Riyanto', 'L', 4, 11, 54),
(1243, 'Asad Fadhu Khoirudin', 'L', 3, 26, 132),
(1244, 'fetra sarah', 'P', 1, 2, 8),
(1245, 'Mochamad Umar Abdul Azis', 'L', 3, 24, 126),
(1246, 'fajarudin afdilah', 'L', 1, 3, 16),
(1247, 'Miftah Dede Royan', 'L', 1, 8, 38),
(1248, 'Aulia Dianti Putri', 'P', 1, 4, 19),
(1249, 'Nafila Zahra', 'P', 1, 8, 40),
(1250, 'fajarudin afdilah', 'L', 1, 3, 16),
(1251, 'Muhammad Fahmi Aziz ', 'L', 2, 34, 0),
(1252, 'Akmal Maulana', 'L', 2, 34, 0),
(1253, 'Savira Belladina', 'P', 4, 13, 59),
(1254, 'Muhammad Milhan Albar', 'L', 1, 3, 14),
(1255, 'Muhamad Hasan Wirasno', 'L', 5, 15, 185),
(1256, 'Ridwan Setyo Aji', 'L', 2, 37, 0),
(1257, 'faqih zulfa', 'L', 5, 19, 100),
(1258, 'gita zaharifah', 'P', 1, 1, 2),
(1259, 'Rizki Dian Ramadhani', 'L', 2, 37, 0),
(1260, 'Putri Andriani', 'P', 1, 4, 20),
(1261, 'nur hikmah hidayani', 'P', 5, 15, 80),
(1262, 'Abdan ', 'L', 1, 3, 14),
(1263, 'Eka Nurul Hidayah', 'P', 1, 4, 19),
(1264, 'nurlaela', 'P', 5, 15, 80),
(1265, 'Degga Demenegga', 'L', 1, 3, 14),
(1266, 'Muhammad Cecep', 'L', 1, 5, 24),
(1267, 'dwiyanti nur afani', 'P', 3, 28, 145),
(1268, 'dwiyanti nur afani', 'P', 3, 28, 145),
(1269, 'dwiyanti nur afani', 'P', 3, 28, 145),
(1270, 'dwiyanti nur afani', 'P', 3, 28, 145),
(1271, 'Dewi Indriawati', 'P', 2, 40, 195),
(1272, 'shoofii dzakiyyah Ulhaq', 'P', 5, 20, 103),
(1273, 'Rizki Maulana', 'L', 4, 12, 57),
(1274, 'Lutfi majid', 'L', 3, 25, 132),
(1275, 'Illa Anilani Andini', 'P', 2, 40, 195),
(1276, 'rizky rahmawati ', 'P', 4, 13, 59),
(1277, 'Rayhan Mauludy', 'L', 1, 9, 43),
(1278, 'rizky rahmawati ', 'P', 4, 13, 59),
(1279, 'devi puspitasari ', 'P', 3, 21, 111),
(1280, 'muhammad iqbal abdullah', 'L', 3, 26, 132),
(1281, 'Fadli Muhammad Naufal', 'L', 1, 9, 43),
(1282, 'Muhammad Rahmad Arazaq', 'L', 1, 4, 19),
(1283, 'mutiara fahma nagari', 'P', 1, 8, 38),
(1284, 'faizal akbar', 'L', 4, 12, 56),
(1285, 'Mukhammad Rifki Almumtaz', 'L', 1, 2, 8),
(1286, 'Adella Fikri Khoirunnisa', 'P', 3, 25, 128),
(1287, 'Yonia Saraswati', 'P', 3, 25, 127),
(1288, 'Muhammad faqih fathoni', 'L', 1, 9, 43),
(1289, 'virda nur lu\'lu\'', 'P', 1, 2, 17),
(1290, 'aziz nurginanjar', 'L', 1, 9, 43),
(1291, 'Muhammad Royan Yulianto', 'L', 2, 37, 0),
(1292, 'Khoiruln Nisha ', 'P', 3, 25, 127),
(1293, 'Anas Nasrullah', 'L', 2, 37, 0),
(1294, 'Reina Nurjanah', 'P', 5, 17, 85),
(1295, 'Amri Akbariansyah', 'L', 1, 2, 12),
(1296, 'Gusti Ratih Pratiwi', 'P', 3, 21, 109),
(1297, 'Fauziah Nurul Sabila', 'P', 2, 40, 195),
(1298, 'Muhammad Affandi', 'L', 3, 26, 131),
(1299, 'ilma nuraina bilqis', 'P', 3, 21, 110),
(1300, 'Luthfika Nurul Chusna', 'P', 2, 35, 175),
(1301, 'Dulam Faqih', 'L', 4, 14, 69),
(1302, 'Tia nurfadillah', 'P', 2, 39, 191),
(1303, 'Deri Nursalam', 'L', 2, 32, 0),
(1304, 'Isnaini Mar\'atus sholihah', 'P', 1, 3, 18),
(1305, 'Sofa Widayanti', 'P', 2, 39, 191),
(1306, 'Sofa Widayanti', 'P', 2, 39, 191),
(1307, 'Sofa Widayanti', 'P', 2, 39, 191),
(1308, 'Muhammad Faqih Abdurahman', 'L', 1, 4, 22),
(1309, 'novia roudhoti ', 'P', 2, 35, 175),
(1310, 'Sofa Widayanti', 'P', 2, 39, 191),
(1311, 'Rima Septivia', 'P', 3, 30, 154),
(1312, 'nurra gina mahardika', 'P', 5, 20, 103),
(1313, 'Muhammad Rifqy', 'L', 3, 25, 0),
(1314, 'nurra gina mahardika', 'P', 5, 20, 103),
(1315, 'Syifa Nursaida', 'P', 1, 4, 21),
(1316, 'satria putu pratama', 'L', 2, 36, 180),
(1317, 'ulla fathin', 'P', 3, 30, 21),
(1318, 'Ridwan Junaedi', 'L', 3, 27, 137),
(1319, 'Aulia Listya Agathy', 'P', 2, 37, 184),
(1320, 'abu khasan', 'L', 1, 9, 44),
(1321, 'Iqbal Arbai', 'L', 5, 15, 80),
(1322, 'selfiyanti nurjanah', 'P', 1, 3, 14),
(1323, 'selfiyanti nurjanah', 'P', 1, 3, 14),
(1324, 'Bagus Rizal Darmawan', 'L', 5, 15, 80),
(1325, 'Shoffi Mardhiyyah Rima Qisthi', 'P', 2, 37, 31),
(1326, 'Muhammad Yusuf Firdaus', 'L', 5, 15, 80),
(1327, 'ratri dian paramitha', 'P', 2, 37, 182),
(1328, 'ratri dian paramitha', 'P', 2, 37, 182),
(1329, 'Muhammad Luthfi Helmi', 'L', 3, 21, 110),
(1330, 'ratri dian paramitha', 'P', 2, 37, 182),
(1331, 'ratri dian paramitha', 'P', 2, 37, 182),
(1332, 'sabilla beladina ', 'P', 1, 3, 14),
(1333, 'alyanto sukmo wibowo', 'L', 2, 39, 191),
(1334, 'Nashrul Ahsanu  Nadiya', 'P', 2, 37, 183),
(1335, 'Fithriani Ghina Nurul Huda', 'P', 2, 37, 31),
(1336, 'Asna Dian', 'P', 2, 37, 183),
(1337, 'Bill maruf ', 'L', 2, 39, 191),
(1338, 'fipit rahayu ', 'P', 2, 34, 11),
(1339, 'Ridwan Abdul Majid', 'L', 2, 37, 0),
(1340, 'galih angga kusuma', 'L', 3, 26, 132),
(1341, 'syifa nuraeni', 'P', 2, 37, 183),
(1342, 'Ahmad Lutfi Nasrullah', 'L', 3, 26, 132),
(1343, 'Denna Octaviana', 'P', 2, 37, 184),
(1344, 'hanifah prania', 'P', 5, 19, 100),
(1345, 'Muhammad Ridwan', 'L', 4, 14, 66),
(1346, 'Erfiyana Ariska Dewi', 'P', 1, 4, 22),
(1347, 'Litani Afina ', 'P', 5, 15, 79),
(1348, 'triya sabilla', 'P', 1, 4, 22),
(1349, 'Niki Puja Pratini', 'P', 1, 4, 19),
(1350, 'triya sabilla', 'P', 1, 4, 22),
(1351, 'Muhammad Hifzhan Abdan', 'L', 5, 20, 103),
(1352, 'Tubagus Ali', 'L', 5, 20, 103),
(1353, 'rizka aulia ', 'P', 1, 4, 22),
(1354, 'muhamad riandi', 'L', 4, 13, 64),
(1355, 'Syifana Mutiara Rani', 'P', 1, 4, 22),
(1356, 'Aris Rusyudi Bagastyo', 'L', 5, 20, 103),
(1357, 'lintani Afina', 'P', 5, 15, 79),
(1358, 'Aghna Azkani Saktya', 'P', 5, 15, 79),
(1359, 'hermiani fazriah', 'P', 1, 8, 39),
(1360, 'Nur Halim Rosyidiq', 'L', 5, 20, 105),
(1361, 'shofia nur azizah ', 'P', 1, 7, 36),
(1362, 'galang satria wibowo', 'L', 3, 26, 132),
(1363, 'Muhammad Rama Utomo', 'L', 2, 40, 195),
(1364, 'Niken Ayularasati', 'P', 1, 8, 39),
(1365, 'andre juliansach', 'L', 2, 37, 183),
(1366, 'Faisal Muhammad Zulfikar', 'L', 1, 9, 43),
(1367, 'Muhammad Ismail', 'L', 2, 39, 0),
(1368, 'ifaza ayuni', 'P', 2, 32, 165),
(1369, 'bayu wahyudin', 'L', 2, 37, 183),
(1370, 'ashri yasinta', 'P', 2, 32, 165),
(1371, 'bagus wicaksana putra', 'L', 2, 37, 183),
(1372, 'Yoni Aqyas', 'L', 1, 4, 19),
(1373, 'muhammad lukman algani', 'L', 2, 34, 174),
(1374, 'tamara renani', 'P', 1, 8, 40),
(1375, 'Arga Harir', 'L', 2, 32, 0),
(1376, 'Hesti Aninda Fauziah', 'P', 1, 8, 40),
(1377, 'Muhammad Sultan Milzam', 'L', 2, 32, 0),
(1378, 'Yudha Fadlan', 'L', 1, 3, 18),
(1379, 'muhammad hanif fadhillah', 'L', 4, 11, 49),
(1380, 'Habib Reza', 'L', 1, 5, 24),
(1381, 'Muhammad alfinas', 'L', 1, 2, 8),
(1382, 'Rizal ZUlfikar', 'L', 2, 35, 147),
(1383, 'Qiston Naufal', 'L', 4, 13, 61),
(1384, 'Rizal ZUlfikar', 'L', 2, 35, 147),
(1385, 'Mulki Firdani', 'P', 1, 9, 43),
(1386, 'Faisal Abdurofi', 'L', 3, 27, 138),
(1387, 'Nandi Nur Awani', 'L', 1, 3, 14),
(1388, 'Zukhnifa Ken S', 'P', 5, 15, 79),
(1389, 'Mayong Firdaus', 'L', 1, 5, 24),
(1390, 'Affnan Pratama', 'L', 1, 4, 22),
(1391, 'putri ramadhani', 'P', 5, 15, 185),
(1392, 'Novia Silviana Dewi', 'P', 3, 28, 142),
(1393, 'Abdi Mujahidin', 'L', 3, 26, 80),
(1394, 'Burhan Syahrul Fitroh', 'L', 2, 33, 0),
(1395, 'Dendi Prasetia', 'L', 2, 33, 0),
(1396, 'Ilham Ramadhan', 'L', 2, 42, 204),
(1397, 'Dwiki Bagustya Nugroho', 'L', 2, 40, 197),
(1398, 'arina faza sandrina', 'P', 1, 8, 41),
(1399, 'Iin Marlina', 'P', 4, 10, 54),
(1400, 'dede nurjanah ', 'P', 1, 6, 33),
(1401, 'Hasna Z', 'P', 3, 31, 161),
(1402, 'mufli sulthon', 'L', 1, 9, 43),
(1403, 'mufli sulthon', 'L', 1, 9, 43),
(1404, 'rizky trimitdziana', 'L', 5, 15, 73),
(1405, 'rizky trimitdziana', 'L', 5, 15, 73),
(1406, 'lima lumhangsung', 'L', 1, 9, 43),
(1407, 'Lukman Baihaqi', 'L', 2, 40, 0),
(1408, 'Yusrifa Deta Kirana', 'P', 5, 15, 80),
(1409, 'Mentari Haedinoer Putri', 'P', 2, 40, 197),
(1410, 'Rembulan Haedinur Putri', 'P', 2, 40, 197),
(1411, 'rahmah arafatih', 'P', 5, 15, 80),
(1412, 'Arsita Leni Sefindri', 'P', 5, 15, 185),
(1413, 'Wilda Mardiani ', 'P', 5, 15, 80),
(1414, 'Arsita Leni Sefindri', 'P', 5, 15, 185),
(1415, 'nurul nadiyya', 'P', 5, 15, 79),
(1416, 'rifki muhammad asis', 'L', 2, 32, 164),
(1417, 'reyhan wiva', 'L', 5, 15, 80),
(1418, 'Benny Firdaus', 'L', 1, 9, 42),
(1419, 'Muhammad Ali Mufti', 'L', 1, 9, 42),
(1420, 'Andrea Dinda ', 'P', 5, 19, 101),
(1421, 'Andrea Dinda ', 'P', 5, 19, 101),
(1422, 'Andrea Dinda ', 'P', 5, 19, 101),
(1423, 'M Enggar', 'L', 2, 34, 173),
(1424, 'Fadhila Khaina Nisa', 'P', 2, 39, 190),
(1425, 'Maulia Hena N ', 'P', 2, 38, 186),
(1426, 'Yusrifa Deta Kirana', 'P', 5, 16, 80),
(1427, 'Ernisa Yuniarti S.P', 'P', 5, 15, 80),
(1428, 'Rida Farida', 'P', 2, 39, 190),
(1429, 'Rizka Adriani', 'P', 5, 15, 80),
(1430, 'Nurkhonsa Fadlila', 'P', 5, 15, 80),
(1431, 'Diftha Ika R', 'P', 2, 39, 190),
(1432, 'Lestari Sabatini M. N', 'P', 2, 39, 190),
(1433, 'mulki mifathul royan', 'L', 2, 32, 164),
(1434, 'Irfai Ramdhani Falakh', 'L', 5, 15, 79),
(1435, 'Fadli Abdurrohman Reda Putra', 'L', 2, 40, 130),
(1436, 'Danil Yunanda', 'L', 2, 40, 197),
(1437, 'Muhammad Farhan ', 'L', 1, 5, 25),
(1438, 'muchammad arfahd nasrullah', 'L', 5, 19, 95),
(1439, 'Muhammad Irsyad', 'L', 5, 17, 87),
(1440, 'Ichsan Yuridu Firdaus', 'L', 2, 35, 175),
(1441, 'Ubaid Khoeri', 'L', 2, 35, 0),
(1442, 'Abdullah Ilham', 'L', 2, 35, 176),
(1443, 'Bambang Wijonarko', 'L', 2, 35, 175),
(1444, 'Devinda Irfani', 'P', 2, 39, 191),
(1445, 'Muhammad Youri Alkayyis', 'L', 2, 39, 191),
(1446, 'Bryanta Juhan', 'L', 2, 40, 197),
(1447, 'Rina Ratna Suminar', 'P', 1, 1, 5),
(1448, 'Wahid Muhammad', 'L', 4, 11, 49),
(1449, 'Bellamy Bilah Utama', 'L', 4, 11, 49);

-- --------------------------------------------------------

--
-- Struktur dari tabel `tb_user`
--

CREATE TABLE `tb_user` (
  `id` int(11) NOT NULL,
  `nama` varchar(50) NOT NULL,
  `email` varchar(50) NOT NULL,
  `password` varchar(100) NOT NULL
) ENGINE=InnoDB DEFAULT CHARSET=utf8mb4;

--
-- Dumping data untuk tabel `tb_user`
--

INSERT INTO `tb_user` (`id`, `nama`, `email`, `password`) VALUES
(1, 'Fadhil Imam Kurnia', 'fadhilimamk@gmail.com', 'ac43724f16e9241d990427ab7c8f4228'),
(2, 'Lifardi Muhammad', 'lifardi@gmail.com', 'ac43724f16e9241d990427ab7c8f4228'),
(3, 'Admin 3', 'admin3@jokam.com', 'ac43724f16e9241d990427ab7c8f4228'),
(4, 'ardi', 'ardi@sidara.com', '2ce8d7d5509d9b3623a3c0b8b10f7d11'),
(5, 'Mochamad Ridwan', 'tansa.dynasty@gmail.com', '5c62a485ae3c5c19a03ddde1e3215b84'),
(6, 'Novia Nur Annisa', 'novia.annisa@gmail.com', '27355a72dbda2dd931a2b15bd1b0a852'),
(7, 'Nadiyya Brigita Aiska', 'nadiyyabrigita@gmail.com', '7c5cf40044890550d20ac8bddfeb13ea'),
(8, 'Chomsaniarti Nur Utami Puteri', 'comocomsa@yahoo.com', 'fbfc60ce3a9423310d8d55865af0cf08'),
(9, 'Nurul Ezkanandyta', 'nurulezkanandyta@gmail.com', 'ef8918a206a9b57d8543c1d07ce8ecb1'),
(10, 'Aprilia Tri Dzuliani', 'apriliatridzuliani@gmail.com', 'efbb3f34b525947177a4697eca13290f'),
(11, 'Rizkya Dwi Utami', 'kyachia@gmail.com', 'e172dd95f4feb21412a692e73929961e'),
(12, 'Fadhila Prameswari', 'lalaprameswari098@gmail.com', '25d55ad283aa400af464c76d713c07ad'),
(13, 'Rizkya Dwi Utami', 'kyachia@gmail.com', 'c685bc02cc1fce8f709586e3312caef5');

--
-- Indexes for dumped tables
--

--
-- Indexes for table `tb_acara`
--
ALTER TABLE `tb_acara`
  ADD PRIMARY KEY (`id`);

--
-- Indexes for table `tb_daerah`
--
ALTER TABLE `tb_daerah`
  ADD PRIMARY KEY (`id`);

--
-- Indexes for table `tb_desa`
--
ALTER TABLE `tb_desa`
  ADD PRIMARY KEY (`id`),
  ADD KEY `iddesa` (`iddaerah`);

--
-- Indexes for table `tb_infopeserta`
--
ALTER TABLE `tb_infopeserta`
  ADD PRIMARY KEY (`id`);

--
-- Indexes for table `tb_kehadiran`
--
ALTER TABLE `tb_kehadiran`
  ADD PRIMARY KEY (`id`);

--
-- Indexes for table `tb_kelompok`
--
ALTER TABLE `tb_kelompok`
  ADD PRIMARY KEY (`id`),
  ADD KEY `iddesa` (`iddesa`);

--
-- Indexes for table `tb_peserta`
--
ALTER TABLE `tb_peserta`
  ADD PRIMARY KEY (`id`);

--
-- Indexes for table `tb_user`
--
ALTER TABLE `tb_user`
  ADD PRIMARY KEY (`id`);

--
-- AUTO_INCREMENT for dumped tables
--

--
-- AUTO_INCREMENT for table `tb_acara`
--
ALTER TABLE `tb_acara`
  MODIFY `id` int(11) NOT NULL AUTO_INCREMENT, AUTO_INCREMENT=2;
--
-- AUTO_INCREMENT for table `tb_daerah`
--
ALTER TABLE `tb_daerah`
  MODIFY `id` int(11) NOT NULL AUTO_INCREMENT, AUTO_INCREMENT=6;
--
-- AUTO_INCREMENT for table `tb_desa`
--
ALTER TABLE `tb_desa`
  MODIFY `id` int(11) NOT NULL AUTO_INCREMENT, AUTO_INCREMENT=43;
--
-- AUTO_INCREMENT for table `tb_kehadiran`
--
ALTER TABLE `tb_kehadiran`
  MODIFY `id` int(11) NOT NULL AUTO_INCREMENT, AUTO_INCREMENT=917;
--
-- AUTO_INCREMENT for table `tb_kelompok`
--
ALTER TABLE `tb_kelompok`
  MODIFY `id` int(11) NOT NULL AUTO_INCREMENT, AUTO_INCREMENT=205;
--
-- AUTO_INCREMENT for table `tb_peserta`
--
ALTER TABLE `tb_peserta`
  MODIFY `id` int(11) NOT NULL AUTO_INCREMENT, AUTO_INCREMENT=1450;
--
-- AUTO_INCREMENT for table `tb_user`
--
ALTER TABLE `tb_user`
  MODIFY `id` int(11) NOT NULL AUTO_INCREMENT, AUTO_INCREMENT=14;
--
-- Ketidakleluasaan untuk tabel pelimpahan (Dumped Tables)
--

--
-- Ketidakleluasaan untuk tabel `tb_desa`
--
ALTER TABLE `tb_desa`
  ADD CONSTRAINT `idx_desa_kelompok` FOREIGN KEY (`iddaerah`) REFERENCES `tb_daerah` (`id`) ON DELETE NO ACTION ON UPDATE CASCADE;

--
-- Ketidakleluasaan untuk tabel `tb_infopeserta`
--
ALTER TABLE `tb_infopeserta`
  ADD CONSTRAINT `fk_infopeserta` FOREIGN KEY (`id`) REFERENCES `tb_peserta` (`id`) ON DELETE CASCADE ON UPDATE CASCADE;

--
-- Ketidakleluasaan untuk tabel `tb_kelompok`
--
ALTER TABLE `tb_kelompok`
  ADD CONSTRAINT `idx_kelompok_desa` FOREIGN KEY (`iddesa`) REFERENCES `tb_desa` (`id`) ON DELETE NO ACTION ON UPDATE CASCADE;

/*!40101 SET CHARACTER_SET_CLIENT=@OLD_CHARACTER_SET_CLIENT */;
/*!40101 SET CHARACTER_SET_RESULTS=@OLD_CHARACTER_SET_RESULTS */;
/*!40101 SET COLLATION_CONNECTION=@OLD_COLLATION_CONNECTION */;
